0.002,3.623e-5
0.004,2.566e-4
0.006,8.843e-4
0.008,0.002
0.01,0.004
0.012,0.007
0.014,0.012
0.062,0.54
0.064,0.582
0.066,0.624
0.068,0.669
0.07,0.714
0.072,0.762
0.074,0.811
1.592,453.084
1.602,456.911
1.612,460.722
1.622,464.515
1.632,468.291
1.642,472.05
1.652,475.793
1.662,479.519
1.672,483.228
1.682,486.921
1.692,490.598
1.702,494.259
1.712,497.904
1.722,501.534
1.732,505.147
1.742,508.745
1.752,512.328
1.762,515.896
1.772,519.448
1.782,522.985
1.792,526.507
1.802,530.015
1.812,533.508
1.822,536.986
1.832,540.45
1.842,543.9
1.852,547.335
1.862,550.757
1.872,554.165
1.882,557.559
1.892,560.939
1.902,564.306
1.912,567.659
1.922,571
1.932,574.327
1.942,577.641
1.952,580.942
1.962,584.23
1.972,587.506
1.982,590.769
1.992,594.02
2.002,597.258
2.012,600.484
2.022,603.698
2.032,606.9
2.042,610.09
2.052,613.268
2.062,616.434
2.072,619.589
2.082,622.732
2.092,625.864
2.102,628.984
2.112,632.092
2.122,635.19
2.132,638.276
2.142,641.352
2.152,644.416
2.162,647.469
2.172,650.512
2.182,653.543
2.192,656.564
2.202,659.575
2.212,662.575
2.222,665.565
2.232,668.544
2.242,671.513
2.252,674.472
2.262,677.422
2.272,680.361
2.282,683.291
2.292,686.211
2.302,689.121
2.312,692.022
2.322,694.913
2.332,697.795
2.342,700.668
2.352,703.532
2.362,706.386
2.372,709.232
2.382,712.068
2.392,714.896
2.402,717.714
2.412,720.525
2.422,723.326
2.432,726.119
2.442,728.903
2.452,731.679
2.462,734.446
2.472,737.205
2.482,739.955
2.492,742.698
2.502,745.432
2.512,748.158
2.522,750.876
2.532,753.586
2.542,756.288
2.552,758.982
2.562,761.669
2.572,764.347
2.582,767.018
2.592,769.681
2.602,772.337
2.612,774.985
2.622,777.625
2.632,780.258
2.642,782.883
2.652,785.501
2.662,788.112
2.672,790.716
2.682,793.312
2.692,795.901
2.702,798.483
2.712,801.057
2.722,803.625
2.732,806.185
2.742,808.739
2.752,811.286
2.762,813.825
2.772,816.358
2.782,818.884
2.792,821.404
2.802,823.916
2.812,826.422
2.822,828.921
2.832,831.414
2.842,833.9
2.852,836.379
2.862,838.852
2.872,841.319
2.882,843.779
2.892,846.232
2.902,848.679
2.912,851.12
2.922,853.555
2.932,855.983
2.942,858.405
2.952,860.821
2.962,863.231
2.972,865.634
2.982,868.032
2.992,870.423
3.002,872.808
3.012,875.188
3.022,877.561
3.032,879.928
3.042,882.29
3.052,884.645
3.062,886.995
3.072,889.339
3.082,891.677
3.092,894.01
3.102,896.336
3.112,898.657
3.122,900.972
3.132,903.282
3.142,905.586
3.152,907.884
3.162,910.177
3.172,912.464
3.182,914.746
3.192,917.022
3.202,919.293
3.212,921.558
3.222,923.818
3.232,926.073
3.242,928.322
3.252,930.566
3.262,932.804
3.272,935.037
3.282,937.265
3.292,939.488
3.302,941.705
3.312,943.918
3.322,946.125
3.332,948.327
3.342,950.524
3.352,952.715
3.362,954.902
3.372,957.084
3.382,959.26
3.392,961.432
3.402,963.598
3.412,965.76
3.422,967.917
3.432,970.068
3.442,972.215
3.452,974.357
3.462,976.494
3.472,978.627
3.482,980.754
3.492,982.877
3.502,984.995
3.512,987.108
3.522,989.216
3.532,991.32
3.542,993.419
3.552,995.513
3.562,997.603
3.572,999.688
3.582,1001.768
3.592,1003.844
3.602,1005.915
3.612,1007.982
3.622,1010.044
3.632,1012.101
3.642,1014.154
3.652,1016.203
3.662,1018.247
3.672,1020.287
3.682,1022.322
3.692,1024.353
3.702,1026.379
3.712,1028.401
3.722,1030.419
3.732,1032.432
3.742,1034.441
3.752,1036.445
3.762,1038.446
3.772,1040.442
3.782,1042.433
3.792,1044.421
3.802,1046.404
3.812,1048.383
3.822,1050.358
3.832,1052.329
3.842,1054.295
3.852,1056.257
3.862,1058.216
3.872,1060.17
3.882,1062.12
3.892,1064.065
3.902,1066.007
3.912,1067.945
3.922,1069.878
3.932,1071.808
3.942,1073.734
3.952,1075.655
3.962,1077.573
3.972,1079.486
3.982,1081.396
3.992,1083.302
4.002,1085.204
4.012,1087.101
4.022,1088.995
4.032,1090.885
4.042,1092.771
4.052,1094.654
4.062,1096.532
4.072,1098.407
4.082,1100.278
4.092,1102.145
4.102,1104.008
4.112,1105.867
4.122,1107.723
4.132,1109.574
4.142,1111.423
4.152,1113.267
4.162,1115.108
4.172,1116.944
4.182,1118.778
4.192,1120.607
4.202,1122.433
4.212,1124.255
4.222,1126.074
4.232,1127.889
4.242,1129.7
4.252,1131.508
4.262,1133.312
4.272,1135.112
4.282,1136.909
4.292,1138.703
4.302,1140.492
4.312,1142.279
4.322,1144.061
4.332,1145.841
4.342,1147.616
4.352,1149.389
4.362,1151.157
4.372,1152.922
4.382,1154.684
4.392,1156.443
4.402,1158.197
4.412,1159.949
4.422,1161.697
4.432,1163.442
4.442,1165.183
4.452,1166.921
4.462,1168.655
4.472,1170.386
4.482,1172.114
4.492,1173.838
4.502,1175.559
4.512,1177.277
4.522,1178.992
4.532,1180.703
4.542,1182.411
4.552,1184.115
4.562,1185.816
4.572,1187.514
4.582,1189.209
4.592,1190.901
4.602,1192.589
4.612,1194.274
4.622,1195.956
4.632,1197.634
4.642,1199.31
4.652,1200.982
4.662,1202.651
4.672,1204.317
4.682,1205.98
4.692,1207.639
4.702,1209.296
4.712,1210.949
4.722,1212.599
4.732,1214.246
4.742,1215.89
4.752,1217.531
4.762,1219.169
4.772,1220.803
4.782,1222.435
4.792,1224.063
4.802,1225.689
4.812,1227.311
4.822,1228.931
4.832,1230.547
4.842,1232.161
4.852,1233.771
4.862,1235.378
4.872,1236.983
4.882,1238.584
4.892,1240.183
4.902,1241.778
4.912,1243.37
4.922,1244.96
4.932,1246.547
4.942,1248.13
4.952,1249.711
4.962,1251.289
4.972,1252.864
4.982,1254.436
4.992,1256.005
5.002,1257.571
5.012,1259.134
5.022,1260.695
5.032,1262.252
5.042,1263.807
5.052,1265.359
5.062,1266.908
5.072,1268.454
5.082,1269.998
5.092,1271.538
5.102,1273.076
5.112,1274.611
5.122,1276.143
5.132,1277.672
5.142,1279.199
5.152,1280.723
5.162,1282.244
5.172,1283.762
5.182,1285.277
5.192,1286.79
5.202,1288.3
5.212,1289.807
5.222,1291.312
5.232,1292.814
5.242,1294.313
5.252,1295.809
5.262,1297.303
5.272,1298.794
5.282,1300.282
5.292,1301.768
5.302,1303.251
5.312,1304.731
5.322,1306.209
5.332,1307.684
5.342,1309.156
5.352,1310.626
5.362,1312.093
5.372,1313.558
5.382,1315.02
5.392,1316.479
5.402,1317.935
5.412,1319.39
5.422,1320.841
5.432,1322.29
5.442,1323.736
5.452,1325.18
5.462,1326.621
5.472,1328.06
5.482,1329.496
5.492,1330.929
5.502,1332.36
5.512,1333.788
5.522,1335.214
5.532,1336.637
5.542,1338.058
5.552,1339.477
5.562,1340.892
5.572,1342.306
5.582,1343.716
5.592,1345.125
5.602,1346.531
5.612,1347.934
5.622,1349.335
5.632,1350.733
5.642,1352.129
5.652,1353.522
5.662,1354.914
5.672,1356.302
5.682,1357.688
5.692,1359.072
5.702,1360.453
5.712,1361.832
5.722,1363.209
5.732,1364.583
5.742,1365.954
5.752,1367.323
5.762,1368.69
5.772,1370.055
5.782,1371.417
5.792,1372.776
5.802,1374.134
5.812,1375.489
5.822,1376.841
5.832,1378.191
5.842,1379.539
5.852,1380.885
5.862,1382.228
5.872,1383.569
5.882,1384.907
5.892,1386.243
5.902,1387.577
5.912,1388.909
5.922,1390.238
5.932,1391.565
5.942,1392.89
5.952,1394.212
5.962,1395.532
5.972,1396.85
5.982,1398.165
5.992,1399.478
6.002,1400.789
6.012,1402.098
6.022,1403.404
6.032,1404.708
6.042,1406.01
6.052,1407.31
6.062,1408.607
6.072,1409.902
6.082,1411.195
6.092,1412.486
6.102,1413.774
6.112,1415.061
6.122,1416.345
6.132,1417.626
6.142,1418.906
6.152,1420.183
6.162,1421.459
6.172,1422.732
6.182,1424.002
6.192,1425.271
6.202,1426.537
6.212,1427.802
6.222,1429.064
6.232,1430.324
6.242,1431.582
6.252,1432.837
6.262,1434.091
6.272,1435.342
6.282,1436.591
6.292,1437.838
6.302,1439.083
6.312,1440.326
6.322,1441.567
6.332,1442.805
6.342,1444.041
6.352,1445.276
6.362,1446.508
6.372,1447.738
6.382,1448.966
6.392,1450.192
6.402,1451.416
6.412,1452.637
6.422,1453.857
6.432,1455.074
6.442,1456.29
6.452,1457.503
6.462,1458.714
6.472,1459.924
6.482,1461.131
6.492,1462.336
6.502,1463.539
6.512,1464.74
6.522,1465.939
6.532,1467.136
6.542,1468.331
6.552,1469.524
6.562,1470.715
6.572,1471.903
6.582,1473.09
6.592,1474.275
6.602,1475.458
6.612,1476.638
6.622,1477.817
6.632,1478.994
6.642,1480.168
6.652,1481.341
6.662,1482.512
6.672,1483.681
6.682,1484.847
6.692,1486.012
6.702,1487.175
6.712,1488.336
6.722,1489.495
6.732,1490.652
6.742,1491.806
6.752,1492.959
6.762,1494.11
6.772,1495.259
6.782,1496.407
6.792,1497.552
6.802,1498.695
6.812,1499.836
6.822,1500.976
6.832,1502.113
6.842,1503.248
6.852,1504.382
6.862,1505.514
6.872,1506.643
6.882,1507.771
6.892,1508.897
6.902,1510.021
6.912,1511.143
6.922,1512.263
6.932,1513.382
6.942,1514.498
6.952,1515.612
6.962,1516.725
6.972,1517.836
6.982,1518.945
6.992,1520.051
7.002,1521.157
7.012,1522.26
7.022,1523.361
7.032,1524.461
7.042,1525.558
7.052,1526.654
7.062,1527.748
7.072,1528.84
7.082,1529.93
7.092,1531.018
7.102,1532.105
7.112,1533.19
7.122,1534.272
7.132,1535.353
7.142,1536.433
7.152,1537.51
7.162,1538.585
7.172,1539.659
7.182,1540.731
7.192,1541.801
7.202,1542.869
7.212,1543.936
7.222,1545
7.232,1546.063
7.242,1547.124
7.252,1548.183
7.262,1549.241
7.272,1550.296
7.282,1551.35
7.292,1552.402
7.302,1553.453
7.312,1554.501
7.322,1555.548
7.332,1556.593
7.342,1557.636
7.352,1558.677
7.362,1559.717
7.372,1560.755
7.382,1561.791
7.392,1562.825
7.402,1563.858
7.412,1564.889
7.422,1565.918
7.432,1566.945
7.442,1567.971
7.452,1568.995
7.462,1570.017
7.472,1571.037
7.482,1572.056
7.492,1573.073
7.502,1574.088
7.512,1575.101
7.522,1576.113
7.532,1577.123
7.542,1578.132
7.552,1579.138
7.562,1580.143
7.572,1581.146
7.582,1582.148
7.592,1583.148
7.602,1584.146
7.612,1585.142
7.622,1586.137
7.632,1587.13
7.642,1588.121
7.652,1589.111
7.662,1590.098
7.672,1591.085
7.682,1592.069
7.692,1593.052
7.702,1594.033
7.712,1595.013
7.722,1595.991
7.732,1596.967
7.742,1597.941
7.752,1598.914
7.762,1599.886
7.772,1600.855
7.782,1601.823
7.792,1602.789
7.802,1603.754
7.812,1604.717
7.822,1605.678
7.832,1606.638
7.842,1607.596
7.852,1608.552
7.862,1609.507
7.872,1610.46
7.882,1611.411
7.892,1612.361
7.902,1613.309
7.912,1614.256
7.922,1615.201
7.932,1616.144
7.942,1617.086
7.952,1618.026
7.962,1618.965
7.972,1619.901
7.982,1620.837
7.992,1621.77
8.002,1622.702
8.012,1623.633
8.022,1624.562
8.032,1625.489
8.042,1626.415
8.052,1627.339
8.062,1628.261
8.072,1629.182
8.082,1630.102
8.092,1631.019
8.102,1631.935
8.112,1632.85
8.122,1633.763
8.132,1634.674
8.142,1635.584
8.152,1636.492
8.162,1637.399
8.172,1638.304
8.182,1639.208
8.192,1640.11
8.202,1641.01
8.212,1641.909
8.222,1642.807
8.232,1643.702
8.242,1644.597
8.252,1645.489
8.262,1646.38
8.272,1647.27
8.282,1648.158
8.292,1649.044
8.302,1649.929
8.312,1650.813
8.322,1651.695
8.332,1652.575
8.342,1653.454
8.352,1654.331
8.362,1655.207
8.372,1656.081
8.382,1656.954
8.392,1657.825
8.402,1658.695
8.412,1659.563
8.422,1660.429
8.432,1661.295
8.442,1662.158
8.452,1663.02
8.462,1663.881
8.472,1664.74
8.482,1665.598
8.492,1666.454
8.502,1667.308
8.512,1668.161
8.522,1669.013
8.532,1669.863
8.542,1670.711
8.552,1671.559
8.562,1672.404
8.572,1673.248
8.582,1674.091
8.592,1674.932
8.602,1675.772
8.612,1676.61
8.622,1677.447
8.632,1678.282
8.642,1679.116
8.652,1679.948
8.662,1680.779
8.672,1681.608
8.682,1682.436
8.692,1683.263
8.702,1684.087
8.712,1684.911
8.722,1685.733
8.732,1686.554
8.742,1687.373
8.752,1688.19
8.762,1689.007
8.772,1689.821
8.782,1690.635
8.792,1691.447
8.802,1692.257
8.812,1693.066
8.822,1693.874
8.832,1694.68
8.842,1695.484
8.852,1696.287
8.862,1697.089
8.872,1697.89
8.882,1698.689
8.892,1699.486
8.902,1700.282
8.912,1701.077
8.922,1701.87
8.932,1702.662
8.942,1703.452
8.952,1704.241
8.962,1705.029
8.972,1705.815
8.982,1706.599
8.992,1707.383
9.002,1708.165
9.012,1708.945
9.022,1709.724
9.032,1710.502
9.042,1711.278
9.052,1712.053
9.062,1712.826
9.072,1713.598
9.082,1714.369
9.092,1715.138
9.102,1715.906
9.112,1716.672
9.122,1717.437
9.132,1718.201
9.142,1718.963
9.152,1719.724
9.162,1720.484
9.172,1721.242
9.182,1721.998
9.192,1722.754
9.202,1723.508
9.212,1724.26
9.222,1725.011
9.232,1725.761
9.242,1726.51
9.252,1727.257
9.262,1728.003
9.272,1728.747
9.282,1729.49
9.292,1730.231
9.302,1730.972
9.312,1731.711
9.322,1732.448
9.332,1733.184
9.342,1733.919
9.352,1734.652
9.362,1735.384
9.372,1736.115
9.382,1736.844
9.392,1737.572
9.402,1738.299
9.412,1739.024
9.422,1739.748
9.432,1740.471
9.442,1741.192
9.452,1741.912
9.462,1742.631
9.472,1743.348
9.482,1744.064
9.492,1744.778
9.502,1745.492
9.512,1746.203
9.522,1746.914
9.532,1747.623
9.542,1748.331
9.552,1749.038
9.562,1749.743
9.572,1750.447
9.582,1751.149
9.592,1751.851
9.602,1752.55
9.612,1753.249
9.622,1753.946
9.632,1754.642
9.642,1755.337
9.652,1756.03
9.662,1756.722
9.672,1757.413
9.682,1758.102
9.692,1758.79
9.702,1759.477
9.712,1760.163
9.722,1760.847
9.732,1761.529
9.742,1762.211
9.752,1762.891
9.762,1763.57
9.772,1764.248
9.782,1764.924
9.792,1765.599
9.802,1766.273
9.812,1766.945
9.822,1767.616
9.832,1768.286
9.842,1768.955
9.852,1769.622
9.862,1770.288
9.872,1770.953
9.882,1771.616
9.892,1772.278
9.902,1772.939
9.912,1773.598
9.922,1774.257
9.932,1774.914
9.942,1775.569
9.952,1776.224
9.962,1776.877
9.972,1777.529
9.982,1778.179
9.992,1778.829
10.002,1779.477
10.012,1780.123
10.022,1780.769
10.032,1781.413
10.042,1782.056
10.052,1782.698
10.062,1783.338
10.072,1783.977
10.082,1784.615
10.092,1785.252
10.102,1785.887
10.112,1786.521
10.122,1787.154
10.132,1787.786
10.142,1788.416
10.152,1789.045
10.162,1789.673
10.172,1790.299
10.182,1790.925
10.192,1791.549
10.202,1792.172
10.212,1792.793
10.222,1793.413
10.232,1794.032
10.242,1794.65
10.252,1795.267
10.262,1795.882
10.272,1796.496
10.282,1797.109
10.292,1797.721
10.302,1798.331
10.312,1798.94
10.322,1799.548
10.332,1800.155
10.342,1800.76
10.352,1801.364
10.362,1801.967
10.372,1802.569
10.382,1803.17
10.392,1803.769
10.402,1804.367
10.412,1804.964
10.422,1805.559
10.432,1806.154
10.442,1806.747
10.452,1807.339
10.462,1807.929
10.472,1808.519
10.482,1809.107
10.492,1809.694
10.502,1810.28
10.512,1810.865
10.522,1811.448
10.532,1812.03
10.542,1812.611
10.552,1813.191
10.562,1813.769
10.572,1814.347
10.582,1814.923
10.592,1815.498
10.602,1816.071
10.612,1816.644
10.622,1817.215
10.632,1817.785
10.642,1818.354
10.652,1818.922
10.662,1819.488
10.672,1820.053
10.682,1820.617
10.692,1821.18
10.702,1821.742
10.712,1822.302
10.722,1822.861
10.732,1823.42
10.742,1823.976
10.752,1824.532
10.762,1825.087
10.772,1825.64
10.782,1826.192
10.792,1826.743
10.802,1827.292
10.812,1827.841
10.822,1828.388
10.832,1828.935
10.842,1829.479
10.852,1830.023
10.862,1830.566
10.872,1831.107
10.882,1831.648
10.892,1832.187
10.902,1832.725
10.912,1833.261
10.922,1833.797
10.932,1834.331
10.942,1834.864
10.952,1835.396
10.962,1835.927
10.972,1836.457
10.982,1836.985
10.992,1837.513
11.002,1838.039
11.012,1838.564
11.022,1839.088
11.032,1839.61
11.042,1840.132
11.052,1840.652
11.062,1841.171
11.072,1841.689
11.082,1842.206
11.092,1842.722
11.102,1843.236
11.112,1843.749
11.122,1844.262
11.132,1844.772
11.142,1845.282
11.152,1845.791
11.162,1846.298
11.172,1846.805
11.182,1847.31
11.192,1847.814
11.202,1848.317
11.212,1848.819
11.222,1849.319
11.232,1849.819
11.242,1850.317
11.252,1850.814
11.262,1851.31
11.272,1851.805
11.282,1852.298
11.292,1852.791
11.302,1853.282
11.312,1853.772
11.322,1854.262
11.332,1854.75
11.342,1855.236
11.352,1855.722
11.362,1856.206
11.372,1856.69
11.382,1857.172
11.392,1857.653
11.402,1858.133
11.412,1858.612
11.422,1859.09
11.432,1859.566
11.442,1860.042
11.452,1860.516
11.462,1860.989
11.472,1861.461
11.482,1861.932
11.492,1862.402
11.502,1862.871
11.512,1863.338
11.522,1863.805
11.532,1864.27
11.542,1864.734
11.552,1865.197
11.562,1865.659
11.572,1866.12
11.582,1866.579
11.592,1867.038
11.602,1867.495
11.612,1867.951
11.622,1868.406
11.632,1868.86
11.642,1869.313
11.652,1869.765
11.662,1870.216
11.672,1870.665
11.682,1871.114
11.692,1871.561
11.702,1872.007
11.712,1872.452
11.722,1872.896
11.732,1873.339
11.742,1873.78
11.752,1874.221
11.762,1874.66
11.772,1875.099
11.782,1875.536
11.792,1875.972
11.802,1876.407
11.812,1876.841
11.822,1877.274
11.832,1877.706
11.842,1878.136
11.852,1878.566
11.862,1878.994
11.872,1879.421
11.882,1879.848
11.892,1880.273
11.902,1880.697
11.912,1881.119
11.922,1881.541
11.932,1881.962
11.942,1882.382
11.952,1882.8
11.962,1883.217
11.972,1883.634
11.982,1884.049
11.992,1884.463
12.002,1884.876
12.012,1885.288
12.022,1885.699
12.032,1886.108
12.042,1886.517
12.052,1886.925
12.062,1887.331
12.072,1887.736
12.082,1888.141
12.092,1888.544
12.102,1888.946
12.112,1889.347
12.122,1889.747
12.132,1890.145
12.142,1890.543
12.152,1890.94
12.162,1891.335
12.172,1891.73
12.182,1892.123
12.192,1892.515
12.202,1892.907
12.212,1893.297
12.222,1893.686
12.232,1894.074
12.242,1894.461
12.252,1894.846
12.262,1895.231
12.272,1895.615
12.282,1895.997
12.292,1896.379
12.302,1896.759
12.312,1897.138
12.322,1897.517
12.332,1897.894
12.342,1898.27
12.352,1898.645
12.362,1899.019
12.372,1899.391
12.382,1899.763
12.392,1900.134
12.402,1900.503
12.412,1900.872
12.422,1901.239
12.432,1901.606
12.442,1901.971
12.452,1902.335
12.462,1902.698
12.472,1903.061
12.482,1903.422
12.492,1903.782
12.502,1904.14
12.512,1904.498
12.522,1904.855
12.532,1905.211
12.542,1905.565
12.552,1905.919
12.562,1906.271
12.572,1906.623
12.582,1906.973
12.592,1907.323
12.602,1907.671
12.612,1908.018
12.622,1908.364
12.632,1908.709
12.642,1909.053
12.652,1909.396
12.662,1909.738
12.672,1910.079
12.682,1910.419
12.692,1910.758
12.702,1911.095
12.712,1911.432
12.722,1911.768
12.732,1912.102
12.742,1912.436
12.752,1912.768
12.762,1913.099
12.772,1913.43
12.782,1913.759
12.792,1914.087
12.802,1914.414
12.812,1914.74
12.822,1915.065
12.832,1915.389
12.842,1915.712
12.852,1916.034
12.862,1916.355
12.872,1916.675
12.882,1916.994
12.892,1917.311
12.902,1917.628
12.912,1917.944
12.922,1918.258
12.932,1918.572
12.942,1918.884
12.952,1919.196
12.962,1919.506
12.972,1919.815
12.982,1920.124
12.992,1920.431
13.002,1920.737
13.012,1921.042
13.022,1921.346
13.032,1921.649
13.042,1921.951
13.052,1922.252
13.062,1922.552
13.072,1922.851
13.082,1923.149
13.092,1923.446
13.102,1923.742
13.112,1924.036
13.122,1924.33
13.132,1924.623
13.142,1924.914
13.152,1925.205
13.162,1925.495
13.172,1925.783
13.182,1926.071
13.192,1926.357
13.202,1926.642
13.212,1926.927
13.222,1927.21
13.232,1927.493
13.242,1927.774
13.252,1928.054
13.262,1928.333
13.272,1928.612
13.282,1928.889
13.292,1929.165
13.302,1929.44
13.312,1929.714
13.322,1929.987
13.332,1930.259
13.342,1930.53
13.352,1930.8
13.362,1931.069
13.372,1931.337
13.382,1931.604
13.392,1931.87
13.402,1932.135
13.412,1932.398
13.422,1932.661
13.432,1932.923
13.442,1933.184
13.452,1933.443
13.462,1933.702
13.472,1933.96
13.482,1934.216
13.492,1934.472
13.502,1934.726
13.512,1934.98
13.522,1935.233
13.532,1935.484
13.542,1935.735
13.552,1935.984
13.562,1936.232
13.572,1936.48
13.582,1936.726
13.592,1936.972
13.602,1937.216
13.612,1937.459
13.622,1937.702
13.632,1937.943
13.642,1938.183
13.652,1938.423
13.662,1938.661
13.672,1938.898
13.682,1939.134
13.692,1939.369
13.702,1939.604
13.712,1939.837
13.722,1940.069
13.732,1940.3
13.742,1940.53
13.752,1940.759
13.762,1940.987
13.772,1941.214
13.782,1941.44
13.792,1941.665
13.802,1941.889
13.812,1942.112
13.822,1942.334
13.832,1942.555
13.842,1942.775
13.852,1942.994
13.862,1943.212
13.872,1943.429
13.882,1943.645
13.892,1943.86
13.902,1944.074
13.912,1944.287
13.922,1944.498
13.932,1944.709
13.942,1944.919
13.952,1945.128
13.962,1945.336
13.972,1945.543
13.982,1945.748
13.992,1945.953
14.002,1946.157
14.012,1946.36
14.022,1946.562
14.032,1946.762
14.042,1946.962
14.052,1947.161
14.062,1947.359
14.072,1947.556
14.082,1947.751
14.092,1947.946
14.102,1948.14
14.112,1948.333
14.122,1948.525
14.132,1948.715
14.142,1948.905
14.152,1949.094
14.162,1949.282
14.172,1949.468
14.182,1949.654
14.192,1949.839
14.202,1950.023
14.212,1950.206
14.222,1950.387
14.232,1950.568
14.242,1950.748
14.252,1950.927
14.262,1951.104
14.272,1951.281
14.282,1951.457
14.292,1951.632
14.302,1951.806
14.312,1951.978
14.322,1952.15
14.332,1952.321
14.342,1952.491
14.352,1952.66
14.362,1952.828
14.372,1952.994
14.382,1953.16
14.392,1953.325
14.402,1953.489
14.412,1953.652
14.422,1953.814
14.432,1953.974
14.442,1954.134
14.452,1954.293
14.462,1954.451
14.472,1954.608
14.482,1954.764
14.492,1954.919
14.502,1955.073
14.512,1955.225
14.522,1955.377
14.532,1955.528
14.542,1955.678
14.552,1955.827
14.562,1955.975
14.572,1956.122
14.582,1956.268
14.592,1956.413
14.602,1956.557
14.612,1956.7
14.622,1956.842
14.632,1956.983
14.642,1957.123
14.652,1957.262
14.662,1957.399
14.672,1957.536
14.682,1957.673
14.692,1957.808
14.702,1957.942
14.712,1958.075
14.722,1958.207
14.732,1958.338
14.742,1958.468
14.752,1958.597
14.762,1958.725
14.772,1958.852
14.782,1958.978
14.792,1959.103
14.802,1959.227
14.812,1959.35
14.822,1959.473
14.832,1959.594
14.842,1959.714
14.852,1959.833
14.862,1959.951
14.872,1960.068
14.882,1960.185
14.892,1960.3
14.902,1960.414
14.912,1960.527
14.922,1960.639
14.932,1960.751
14.942,1960.861
14.952,1960.97
14.962,1961.078
14.972,1961.186
14.982,1961.292
14.992,1961.397
15.002,1961.502
15.012,1961.605
15.022,1961.707
15.032,1961.809
15.042,1961.909
15.052,1962.008
15.062,1962.107
15.072,1962.204
15.082,1962.301
15.092,1962.396
15.102,1962.491
15.112,1962.584
15.122,1962.677
15.132,1962.768
15.142,1962.859
15.152,1962.948
15.162,1963.037
15.172,1963.124
15.182,1963.211
15.192,1963.297
15.202,1963.381
15.212,1963.465
15.222,1963.548
15.232,1963.629
15.242,1963.71
15.252,1963.79
15.262,1963.868
15.272,1963.946
15.282,1964.023
15.292,1964.099
15.302,1964.174
15.312,1964.247
15.322,1964.32
15.332,1964.392
15.342,1964.463
15.352,1964.533
15.362,1964.602
15.372,1964.67
15.382,1964.737
15.392,1964.803
15.402,1964.868
15.412,1964.932
15.422,1964.995
15.432,1965.057
15.442,1965.118
15.452,1965.178
15.462,1965.237
15.472,1965.296
15.482,1965.353
15.492,1965.409
15.502,1965.464
15.512,1965.518
15.522,1965.572
15.532,1965.624
15.542,1965.675
15.552,1965.726
15.562,1965.775
15.572,1965.823
15.582,1965.871
15.592,1965.917
15.602,1965.963
15.612,1966.007
15.622,1966.051
15.632,1966.093
15.642,1966.135
15.652,1966.175
15.662,1966.215
15.672,1966.254
15.682,1966.291
15.692,1966.328
15.702,1966.364
15.712,1966.398
15.722,1966.432
15.732,1966.465
15.742,1966.497
15.752,1966.527
15.762,1966.557
15.772,1966.586
15.782,1966.614
15.792,1966.641
15.802,1966.667
15.812,1966.692
15.822,1966.716
15.832,1966.739
15.842,1966.761
15.852,1966.782
15.862,1966.802
15.872,1966.821
15.882,1966.84
15.892,1966.857
15.902,1966.873
15.912,1966.888
15.922,1966.903
15.932,1966.916
15.942,1966.928
15.952,1966.94
15.962,1966.95
15.972,1966.96
15.982,1966.968
15.992,1966.976
16.002,1966.982
16.012,1966.988
16.022,1966.992
16.032,1966.996
16.042,1966.999
16.052,1967
16.062,1967.001
16.072,1967.001
16.082,1967
16.092,1966.997
# Event APOGEE occurred at t=16.102 seconds
16.102,1966.994
# Event RECOVERY_DEVICE_DEPLOYMENT occurred at t=16.103 seconds
16.112,1966.99
16.113,1966.99
16.186,1966.931
16.262,1966.822
16.331,1966.683
16.412,1966.477
16.492,1966.236
16.572,1965.958
16.655,1965.645
16.744,1965.28
16.848,1964.829
16.949,1964.37
17.118,1963.578
17.398,1962.23
17.785,1960.349
18.285,1957.915
18.785,1955.48
19.285,1953.046
19.785,1950.612
20.285,1948.179
20.735,1945.992
21.235,1943.56
21.735,1941.128
22.235,1938.696
22.735,1936.264
23.235,1933.832
23.735,1931.402
24.235,1928.972
24.735,1926.541
25.235,1924.11
25.735,1921.68
26.235,1919.25
26.735,1916.82
27.235,1914.391
27.735,1911.962
28.235,1909.534
28.735,1907.105
29.235,1904.678
29.675,1902.542
30.061,1900.671
30.561,1898.244
31.061,1895.817
31.561,1893.39
32.061,1890.964
32.561,1888.539
33.016,1886.335
33.516,1883.913
33.843,1882.329
34.343,1879.904
34.784,1877.767
35.284,1875.342
35.784,1872.918
36.284,1870.495
36.784,1868.072
37.284,1865.649
37.784,1863.228
38.284,1860.806
38.763,1858.487
39.07,1857.003
39.405,1855.382
39.905,1852.96
40.405,1850.54
40.905,1848.119
41.405,1845.698
41.905,1843.277
42.405,1840.857
42.905,1838.439
43.405,1836.019
43.905,1833.6
44.405,1831.182
44.905,1828.763
45.405,1826.346
45.905,1823.928
46.405,1821.51
46.905,1819.092
47.405,1816.677
47.905,1814.26
48.405,1811.843
48.905,1809.427
49.405,1807.012
49.905,1804.596
50.405,1802.18
50.905,1799.764
51.405,1797.35
51.905,1794.936
52.306,1793.003
52.707,1791.068
53.207,1788.654
53.707,1786.24
54.207,1783.827
54.707,1781.414
55.207,1779.002
55.604,1777.091
55.872,1775.798
56.372,1773.386
56.872,1770.977
57.224,1769.283
57.724,1766.874
58.224,1764.463
58.724,1762.054
59.18,1759.854
59.68,1757.444
60.18,1755.034
60.68,1752.625
61.18,1750.218
61.642,1747.996
62.142,1745.587
62.642,1743.181
63.142,1740.773
63.642,1738.366
64.142,1735.959
64.642,1733.551
65.142,1731.146
65.63,1728.795
66.13,1726.388
66.63,1723.982
67.13,1721.576
67.63,1719.17
68.13,1716.767
68.63,1714.361
69.13,1711.958
69.63,1709.554
70.13,1707.149
70.63,1704.745
71.13,1702.341
71.63,1699.938
72.13,1697.537
72.63,1695.134
73.13,1692.733
73.63,1690.33
74.074,1688.204
74.323,1687.01
74.823,1684.61
75.254,1682.546
75.624,1680.771
76.124,1678.37
76.624,1675.971
76.984,1674.244
77.372,1672.381
77.872,1669.982
78.372,1667.584
78.872,1665.185
79.372,1662.785
79.872,1660.387
80.372,1657.988
80.872,1655.592
81.372,1653.194
81.872,1650.797
82.372,1648.401
82.872,1646.003
83.372,1643.607
83.872,1641.211
84.372,1638.815
84.872,1636.419
85.372,1634.023
85.872,1631.628
86.372,1629.233
86.872,1626.84
87.372,1624.445
87.872,1622.052
88.372,1619.658
88.872,1617.265
89.372,1614.871
89.872,1612.479
90.22,1610.82
90.409,1609.916
90.909,1607.525
91.409,1605.133
91.909,1602.742
92.409,1600.35
92.909,1597.959
93.409,1595.568
93.909,1593.177
94.409,1590.789
94.909,1588.399
95.409,1586.013
95.836,1583.976
96.336,1581.587
96.836,1579.199
97.336,1576.811
97.836,1574.424
98.247,1572.46
98.747,1570.072
99.247,1567.689
99.632,1565.857
100.132,1563.47
100.632,1561.083
101.132,1558.696
101.618,1556.379
101.943,1554.828
102.443,1552.449
102.943,1550.064
103.443,1547.68
103.943,1545.295
104.443,1542.911
104.943,1540.527
105.443,1538.143
105.943,1535.759
106.443,1533.376
106.943,1530.995
107.383,1528.899
107.883,1526.516
108.383,1524.134
108.883,1521.752
109.383,1519.372
109.724,1517.751
110.059,1516.158
110.559,1513.777
111.059,1511.396
111.559,1509.017
112.059,1506.637
112.559,1504.259
113.059,1501.879
113.559,1499.501
113.963,1497.583
114.331,1495.831
114.831,1493.453
115.331,1491.075
115.831,1488.7
116.331,1486.322
116.831,1483.947
117.331,1481.569
117.831,1479.193
118.331,1476.816
118.831,1474.44
119.331,1472.065
119.831,1469.69
120.331,1467.314
120.831,1464.94
121.331,1462.564
121.831,1460.192
122.331,1457.817
122.831,1455.444
123.331,1453.071
123.831,1450.698
124.331,1448.325
124.831,1445.954
125.276,1443.849
125.58,1442.4
125.971,1440.547
126.471,1438.178
126.898,1436.157
127.398,1433.787
127.838,1431.699
128.338,1429.328
128.838,1426.957
129.338,1424.588
129.715,1422.807
130.035,1421.291
130.535,1418.924
131.035,1416.554
131.535,1414.186
132.035,1411.818
132.535,1409.45
133.035,1407.081
133.535,1404.713
134.035,1402.347
134.535,1399.98
135.035,1397.614
135.535,1395.247
136.035,1392.881
136.535,1390.517
137,1388.316
137.5,1385.951
138,1383.586
138.5,1381.221
139,1378.857
139.5,1376.492
140,1374.129
140.5,1371.766
141,1369.402
141.5,1367.041
142,1364.678
142.5,1362.315
143,1359.953
143.5,1357.591
144,1355.228
144.5,1352.866
145,1350.506
145.5,1348.145
145.976,1345.903
146.462,1343.605
146.961,1341.253
147.286,1339.722
147.786,1337.364
148.231,1335.266
148.731,1332.907
149.231,1330.549
149.731,1328.189
150.231,1325.831
150.731,1323.476
151.226,1321.144
151.726,1318.786
152.226,1316.428
152.726,1314.074
153.226,1311.717
153.658,1309.683
153.932,1308.396
154.432,1306.046
154.79,1304.362
155.29,1302.006
155.79,1299.652
156.29,1297.297
156.79,1294.943
157.218,1292.93
157.544,1291.396
158.044,1289.042
158.544,1286.688
159.044,1284.335
159.544,1281.982
160.044,1279.629
160.544,1277.276
161.044,1274.925
161.387,1273.312
161.887,1270.962
162.387,1268.61
162.862,1266.379
163.362,1264.027
163.862,1261.677
164.362,1259.327
164.862,1256.976
165.362,1254.628
165.862,1252.279
166.361,1249.939
166.861,1247.589
167.361,1245.24
167.861,1242.891
168.361,1240.542
168.861,1238.195
169.361,1235.848
169.861,1233.5
170.361,1231.152
170.861,1228.805
171.361,1226.458
171.861,1224.111
172.361,1221.765
172.861,1219.42
173.349,1217.133
173.849,1214.787
174.349,1212.442
174.849,1210.097
175.349,1207.752
175.849,1205.409
176.349,1203.064
176.849,1200.72
177.349,1198.377
177.849,1196.035
178.349,1193.691
178.849,1191.35
179.349,1189.007
179.849,1186.665
180.284,1184.631
180.642,1182.952
181.142,1180.61
181.642,1178.269
182.142,1175.927
182.642,1173.587
183.142,1171.248
183.642,1168.909
184.007,1167.204
184.507,1164.865
185.007,1162.527
185.507,1160.187
186.007,1157.852
186.506,1155.518
187.006,1153.183
187.506,1150.844
188.006,1148.507
188.506,1146.168
189.006,1143.831
189.506,1141.493
190.006,1139.158
190.506,1136.819
191.006,1134.486
191.506,1132.149
191.848,1130.547
192.157,1129.104
192.534,1127.345
193.034,1125.01
193.395,1123.324
193.895,1120.989
194.395,1118.655
194.895,1116.32
195.355,1114.178
195.747,1112.349
196.247,1110.018
196.747,1107.683
197.247,1105.351
197.747,1103.018
198.247,1100.689
198.695,1098.603
199.195,1096.272
199.695,1093.943
199.995,1092.539
200.455,1090.396
200.955,1088.066
201.455,1085.734
201.955,1083.404
202.455,1081.072
202.955,1078.743
203.455,1076.413
203.955,1074.084
204.455,1071.754
204.955,1069.426
205.455,1067.098
205.824,1065.378
206.201,1063.625
206.701,1061.298
207.201,1058.97
207.701,1056.643
208.201,1054.316
208.701,1051.989
209.201,1049.663
209.701,1047.339
210.201,1045.012
210.701,1042.686
211.201,1040.364
211.48,1039.066
211.871,1037.247
212.371,1034.922
212.871,1032.597
213.371,1030.275
213.777,1028.391
214.277,1026.068
214.777,1023.743
215.277,1021.42
215.777,1019.099
216.255,1016.88
216.755,1014.557
217.255,1012.235
217.755,1009.914
218.065,1008.476
218.565,1006.155
218.957,1004.336
219.457,1002.017
219.957,999.696
220.457,997.376
220.957,995.056
221.457,992.741
221.957,990.42
222.457,988.101
222.957,985.786
223.333,984.044
223.833,981.725
224.333,979.406
224.833,977.089
225.333,974.77
225.833,972.452
226.333,970.135
226.833,967.818
227.333,965.504
227.748,963.58
228.248,961.264
228.748,958.947
229.248,956.636
229.701,954.539
230.201,952.23
230.544,950.643
231.044,948.332
231.544,946.016
232.044,943.704
232.544,941.389
233.044,939.078
233.302,937.899
233.565,936.68
234.065,934.367
234.565,932.054
235.065,929.742
235.565,927.429
236.065,925.118
236.565,922.806
237.065,920.497
237.433,918.802
237.898,916.648
238.398,914.337
238.898,912.027
239.398,909.717
239.898,907.41
240.398,905.099
240.898,902.793
241.226,901.283
241.726,898.975
242.226,896.665
242.726,894.357
243.226,892.048
243.726,889.74
244.226,887.432
244.726,885.125
245.226,882.818
245.726,880.511
246.226,878.205
246.623,876.378
246.971,874.771
247.471,872.465
247.882,870.575
248.382,868.271
248.698,866.816
249.094,864.989
249.496,863.139
249.837,861.569
250.337,859.265
250.837,856.961
251.337,854.658
251.837,852.354
252.337,850.051
252.837,847.748
253.337,845.446
253.837,843.142
254.337,840.84
254.837,838.537
255.231,836.724
255.577,835.134
256.077,832.835
256.451,831.12
256.765,829.672
257.265,827.372
257.727,825.248
258.012,823.94
258.336,822.453
258.836,820.153
259.336,817.855
259.626,816.52
259.944,815.059
260.444,812.76
260.944,810.46
261.444,808.163
261.944,805.864
262.444,803.568
262.774,802.059
263.168,800.247
263.668,797.949
264.168,795.651
264.668,793.354
265.168,791.057
265.668,788.76
266.168,786.463
266.668,784.167
267.168,781.871
267.668,779.576
268.168,777.28
268.668,774.986
269.168,772.691
269.668,770.4
270.168,768.105
270.668,765.816
270.972,764.426
271.472,762.132
271.972,759.838
272.448,757.662
272.948,755.368
273.448,753.076
273.948,750.783
274.448,748.493
274.915,746.352
275.415,744.062
275.915,741.769
276.415,739.48
276.915,737.187
277.415,734.898
277.915,732.606
278.415,730.318
278.915,728.026
279.415,725.739
279.832,723.838
280.2,722.149
280.7,719.859
281.2,717.571
281.7,715.281
282.2,712.994
282.7,710.705
283.069,709.01
283.388,707.559
283.888,705.273
284.388,702.986
284.888,700.699
285.388,698.411
285.888,696.127
286.388,693.839
286.888,691.555
287.388,689.267
287.888,686.984
288.388,684.697
288.888,682.416
289.388,680.128
289.867,677.94
290.274,676.09
290.614,674.527
291.034,672.61
291.534,670.328
292.034,668.044
292.534,665.762
293.034,663.48
293.534,661.2
294.034,658.918
294.488,656.847
294.988,654.564
295.488,652.284
295.988,650.001
296.456,647.868
296.956,645.585
297.399,643.562
297.899,641.279
298.343,639.253
298.733,637.484
299.078,635.903
299.508,633.947
300.008,631.668
300.508,629.389
301.008,627.111
301.508,624.834
301.819,623.417
302.088,622.192
302.588,619.914
303.088,617.637
303.46,615.942
303.791,614.44
304.291,612.164
304.791,609.887
305.151,608.25
305.436,606.955
305.835,605.142
306.144,603.737
306.644,601.462
307.144,599.19
307.546,597.357
308.046,595.082
308.546,592.808
309.04,590.564
309.54,588.289
310.04,586.015
310.54,583.743
310.895,582.132
311.395,579.859
311.895,577.594
312.211,576.161
312.711,573.892
313.211,571.62
313.711,569.349
314.211,567.076
314.711,564.805
315.211,562.535
315.711,560.265
316.105,558.481
316.442,556.948
316.942,554.678
317.442,552.407
317.942,550.137
318.442,547.868
318.942,545.599
319.442,543.329
319.942,541.059
320.442,538.79
320.942,536.523
321.442,534.254
321.882,532.262
322.126,531.161
322.626,528.897
322.913,527.597
323.317,525.767
323.817,523.5
324.317,521.232
324.817,518.966
325.317,516.698
325.817,514.432
326.317,512.168
326.817,509.903
327.317,507.637
327.817,505.373
328.251,503.41
328.647,501.618
329.147,499.354
329.647,497.089
330.147,494.828
330.647,492.564
331.147,490.301
331.647,488.037
332.147,485.775
332.647,483.511
333.147,481.251
333.647,478.988
333.99,477.43
334.347,475.82
334.847,473.559
335.347,471.297
335.847,469.038
336.347,466.779
336.695,465.204
337.195,462.944
337.695,460.685
338.195,458.424
338.632,456.453
338.876,455.354
339.152,454.107
339.652,451.848
340.152,449.588
340.652,447.33
341.152,445.072
341.567,443.203
341.901,441.695
342.168,440.488
342.668,438.231
343.168,435.975
343.668,433.718
344.168,431.463
344.668,429.205
345.168,426.952
345.668,424.695
346.168,422.441
346.668,420.183
347.168,417.932
347.591,416.029
348.091,413.777
348.591,411.519
349.091,409.269
349.591,407.011
350.091,404.762
350.551,402.69
350.912,401.052
351.293,399.341
351.793,397.09
352.293,394.835
352.793,392.585
353.293,390.33
353.789,388.104
354.15,386.485
354.65,384.237
355.15,381.982
355.65,379.736
356.15,377.481
356.588,375.512
356.888,374.175
357.318,372.236
357.818,369.988
358.039,368.996
358.277,367.927
358.603,366.458
359.103,364.209
359.603,361.96
360.103,359.715
360.603,357.465
361.103,355.219
361.376,354
361.533,353.299
361.817,352.02
362.317,349.772
362.817,347.525
363.317,345.278
363.817,343.031
364.317,340.784
364.817,338.537
365.317,336.291
365.817,334.046
366.312,331.823
366.812,329.577
367.312,327.331
367.812,325.087
368.312,322.841
368.812,320.6
369.121,319.218
369.559,317.251
370.059,315.009
370.443,313.289
370.943,311.046
371.443,308.802
371.943,306.559
372.443,304.318
372.943,302.075
373.443,299.833
373.943,297.59
374.443,295.349
374.943,293.106
375.443,290.866
375.943,288.625
376.443,286.385
376.943,284.143
377.403,282.084
377.903,279.842
378.403,277.606
378.786,275.898
379.286,273.667
379.653,272.029
380.153,269.792
380.653,267.553
381.153,265.317
381.653,263.076
382.111,261.025
382.611,258.785
382.891,257.526
383.134,256.445
383.519,254.721
384.019,252.484
384.519,250.247
385.019,248.01
385.519,245.774
386.019,243.538
386.519,241.302
387.019,239.065
387.519,236.832
388.019,234.596
388.519,232.362
389.019,230.126
389.519,227.892
390.019,225.657
390.519,223.424
391.019,221.188
391.519,218.957
391.809,217.67
392.118,216.292
392.618,214.058
393.118,211.829
393.618,209.596
394.118,207.364
394.618,205.13
395.118,202.9
395.618,200.668
396.068,198.66
396.568,196.428
397.068,194.199
397.553,192.042
397.859,190.676
398.359,188.446
398.859,186.219
399.33,184.119
399.83,181.891
400.33,179.66
400.83,177.432
401.33,175.201
401.83,172.975
402.33,170.746
402.61,169.494
403.006,167.73
403.387,166.031
403.887,163.802
404.387,161.578
404.802,159.732
405.302,157.513
405.634,156.042
406.134,153.816
406.634,151.588
407.134,149.363
407.634,147.135
408.134,144.912
408.634,142.684
409.134,140.462
409.634,138.233
410.134,136.013
410.615,133.868
410.92,132.503
411.155,131.46
411.655,129.235
412.155,127.011
412.655,124.787
413.155,122.564
413.655,120.34
414.155,118.117
414.655,115.895
414.991,114.405
415.322,112.935
415.822,110.715
416.322,108.492
416.822,106.271
417.322,104.048
417.822,101.829
418.322,99.608
418.632,98.228
418.971,96.726
419.471,94.506
419.971,92.289
420.378,90.483
420.878,88.271
421.177,86.947
421.583,85.145
421.933,83.593
422.433,81.374
422.933,79.155
423.433,76.937
423.933,74.72
424.433,72.501
424.933,70.284
425.433,68.065
425.77,66.573
425.998,65.567
426.498,63.351
426.998,61.135
427.475,59.022
427.975,56.806
428.475,54.59
428.975,52.374
429.475,50.159
429.975,47.944
430.475,45.728
430.975,43.513
431.475,41.299
431.975,39.086
432.351,37.42
432.851,35.206
433.303,33.211
433.803,30.996
434.303,28.787
434.539,27.748
434.856,26.347
435.146,25.063
435.646,22.85
436.146,20.64
436.538,18.909
437.038,16.701
437.455,14.856
437.955,12.645
438.455,10.432
438.955,8.224
439.282,6.786
439.765,4.649
440.265,2.439
440.765,0.229
# Event GROUND_HIT occurred at t=440.817 seconds
# Event SIMULATION_END occurred at t=440.817 seconds
440.817,0
