time,altitude
0.002,3.6060661642532684e-05
0.004,0.00025842328525658114
0.006,0.0008802375132026981
0.008,0.0019807798758820824
0.01,0.004014141077610245
0.012,0.006974123385832685
0.014,0.011915236276065323
0.016,0.017101032103241876
0.018,0.02409357884277921
0.02,0.03168066702882049
0.022,0.04073902011224486
0.024,0.052445069603774694
0.026,0.06430069961872222
0.028,0.07700685313627731
0.03,0.09273080099281358
0.032,0.1079734830090623
0.034,0.12653844162714714
0.036,0.14838795709539676
0.038,0.16847062703357704
0.04,0.19165710781844422
0.042,0.21491259191635398
0.044,0.24086407411963123
0.046,0.265857974398115
0.048,0.29330108646332165
0.05,0.32642100543026487
0.052,0.35591383052609243
0.054,0.3933308547674781
0.056,0.42862722712022816
0.058,0.4583965692604429
0.06,0.4994636305565895
0.062,0.5415548114549571
0.064,0.5862764946793558
0.066,0.6212882938853974
0.068,0.6718209544989071
0.07,0.717846615242178
0.072,0.757138721525705
0.074,0.8128065072319499
0.076,0.8601433901724636
0.078,0.9209331479272299
0.08,0.9600120522555341
0.082,1.0206909429378335
0.084,1.0888493858453854
0.086,1.1368068859108431
0.088,1.1989114104954406
0.09,1.254917530254014
0.092,1.3215029811218097
0.094,1.3985364649978613
0.096,1.4564998737861203
0.098,1.5218746056788655
0.1,1.5906327285397217
0.102,1.6618963832631375
0.104,1.742799034848177
0.106,1.7967148653459093
0.108,1.8981528010879576
0.11,1.9719356330701023
0.112,2.049759939684278
0.115,2.1492691117940534
0.12,2.354432226807635
0.126,2.65775250985242
0.136,3.134078481643883
0.146,3.660135502548996
0.156,4.207614695179553
0.166,4.852881934026635
0.176,5.5025196591663645
0.186,6.180142383723882
0.196,6.945117781250517
0.206,7.604164163376275
0.216,8.422193940245055
0.226,9.3300013692695
0.236,10.293900417561215
0.246,11.280753094151072
0.256,12.208877071994163
0.266,13.132525754968496
0.276,14.166496375308872
0.286,15.431062922098597
0.296,16.563093282479166
0.305,17.72844331139637
0.313,18.70314453985997
0.32,19.475428283595107
0.328,20.705982084789365
0.336,21.73301401361883
0.344,22.7755725316411
0.354,24.15553910009982
0.364,25.865904864311474
0.374,26.967997757421454
0.384,28.518426002244468
0.394,30.257274154865044
0.403,31.772420922395817
0.411,33.393942810086884
0.417,34.01933109155294
0.423,34.91064086646313
0.428,36.046596604858024
0.434,37.02957092386233
0.44,38.47763445602187
0.448,39.85450398598403
0.458,41.636818301074264
0.468,43.585898468574605
0.478,46.085055250608754
0.485,47.488870730746065
0.491,48.816662625329265
0.496,49.46457298641954
0.501,50.89256946184421
0.506,51.50611482314153
0.511,52.75706077591569
0.517,54.14548400349933
0.525,55.71834482155362
0.535,57.402779433639516
0.545,59.494968334809606
0.552,62.20986938792872
0.557,63.50328544586798
0.562,63.815233286249686
0.566,65.24213344806323
0.571,65.98890785096391
0.576,67.02770485918849
0.582,68.65718881212221
0.592,72.01454475416094
0.602,73.5976521978098
0.609,76.3065802363731
0.614,77.70695514926591
0.618,78.8755136933317
0.622,79.51757704878763
0.627,80.66762394552796
0.632,82.50861816562669
0.639,83.46290314663472
0.649,86.34362753630047
0.659,89.19717028537029
0.664,90.99339542112112
0.668,92.08449913598817
0.672,93.91532239151515
0.677,94.00072061548155
0.683,95.42449409960352
0.692,98.01580024281317
0.702,101.18921838148195
0.707,102.95202180411684
0.712,105.49134913520061
0.716,106.31494953596089
0.721,108.05104783611257
0.728,108.552325965413
0.738,113.12607506433253
0.747,116.4085239189858
0.752,116.16953347725888
0.756,118.17683636567126
0.761,119.25428374399674
0.768,122.20780855009478
0.778,126.27589530000043
0.786,127.44691177656681
0.791,130.84623892783307
0.796,131.86607424163518
0.802,132.964468265797
0.811,136.75993053493434
0.821,138.27685582597533
0.826,142.35342242636244
0.831,143.92575186991343
0.838,145.99122145579125
0.847,148.1555028587872
0.857,151.20914249383276
0.863,154.2528970526967
0.869,155.84275349617283
0.879,159.91596203362067
0.889,163.7148882075608
0.895,164.98125463589707
0.902,170.07265412881083
0.912,173.70927392309574
0.922,176.5315715184444
0.929,177.9814837884572
0.938,181.3060882618138
0.948,184.1842368973433
0.956,187.1748751682854
0.965,193.23552653923522
0.975,197.02027100892397
0.985,200.35792040969116
0.995,203.9048372797603
1.005,207.14359666050947
1.015,212.2847895596371
1.025,214.05785746365532
1.035,218.78870321354697
1.045,224.6302194728099
1.055,230.22655200980708
1.065,232.75421529023103
1.075,234.5015258458935
1.085,242.46694174868412
1.095,243.09460185309877
1.105,246.7150570443089
1.115,253.24122205873343
1.125,256.31599794280646
1.135,261.1708410753413
1.145,266.29049970051454
1.155,268.8514498076835
1.165,273.030135468891
1.175,277.3189488008533
1.185,281.36634579477624
1.195,288.6539533829832
1.205,290.6938354319582
1.215,296.8181640261897
1.225,302.27650914450305
1.235,302.3740796967308
1.245,305.87938126303857
1.255,310.7388482712646
1.265,316.512341019662
1.275,324.98605249961076
1.285,329.5517845351095
1.295,330.1931544452086
1.305,332.4989600279088
1.312,336.19076015831814
1.322,345.770994061145
1.332,349.29950262793204
1.342,348.9167294494407
1.352,353.25035327726675
1.362,360.51971312369625
1.372,362.0408631748817
1.382,367.0381500564321
1.392,372.6441467845365
1.402,378.2968110615944
1.412,384.2935957312293
1.422,384.2258009874546
1.432,390.55763308026
1.442,391.05987456911004
1.452,399.09791262688765
1.462,404.7871175004405
1.472,402.4123810146395
1.482,412.9588095173409
1.492,412.23489004122285
1.502,420.0712601650967
1.512,422.05261065089604
1.522,424.63979366409444
1.532,430.7285881165463
1.542,436.6641446450141
1.552,434.6859951811108
1.562,443.04220257965676
1.572,445.333132356144
1.582,447.86715893975475
1.592,457.03259491849474
1.602,458.5663910146426
1.612,464.2159488588064
1.622,469.110079860332
1.632,471.8244440973751
1.642,470.29988013975907
1.652,474.67756029984025
1.662,478.2876882851458
1.672,479.5095535939287
1.682,485.1184827831906
1.692,491.1249847062615
1.702,497.88951861503546
1.712,498.9476318288683
1.722,497.8971424647693
1.732,501.78370679646036
1.742,507.9344944688867
1.752,514.7665165644884
1.762,514.2614427744041
1.772,519.2515216456509
1.782,523.4114318196871
1.792,523.7337618349692
1.802,525.1441687664383
1.812,530.7551217122278
1.822,535.7285793424458
1.832,543.813297872277
1.842,548.7485355260424
1.852,543.2684915049343
1.862,546.0502842519682
1.872,554.0877893595089
1.882,558.2643142000229
1.892,564.8548171960892
1.902,569.4442040587762
1.912,571.1481848485482
1.922,574.6989569170217
1.932,572.808460189844
1.942,577.9863674935764
1.952,578.7168261546319
1.962,582.5649744411476
1.972,585.7305115853018
1.982,596.2683001742721
1.992,593.354891642413
2.002,599.2797148956982
2.012,603.8101460550541
2.022,599.5909255524524
2.032,609.1358700949409
2.042,613.0119514832662
2.052,619.2112677968611
2.062,610.748437197361
2.072,618.3201146441128
2.082,617.3420501993975
2.092,625.9443740118835
2.102,627.149742551823
2.112,625.8501927542926
2.122,631.1378637249423
2.132,635.1291385579518
2.142,645.1704849626115
2.152,639.952213497961
2.162,646.2687125483124
2.172,644.3259328108276
2.182,654.2709391895995
2.192,658.1827793092639
2.202,657.601275377892
2.212,666.0261593336197
2.222,664.0170330215717
2.232,666.5900899693881
2.242,664.8226589901232
2.252,669.1383772728697
2.262,671.393332083779
2.272,674.1468620692812
2.282,677.9962953343639
2.292,692.8375298523523
2.302,695.083733000733
2.312,697.5323168911211
2.322,689.831447941652
2.332,699.3601620242341
2.342,705.1616040247144
2.352,701.8517122797782
2.362,707.4779708595861
2.372,715.6519703764153
2.382,708.1867907738556
2.392,719.2183802713064
2.402,715.5570023757681
2.412,727.707734251847
2.422,722.890709323958
2.432,725.7992083054424
2.442,730.4884403743363
2.452,732.3950266759437
2.462,734.1145120665499
2.472,742.5658708910883
2.482,734.5212897357442
2.492,738.0569577503211
2.502,740.4340485610431
2.512,753.423400504694
2.522,748.3917722194645
2.532,758.7345800499758
2.542,750.2276265164904
2.552,762.2161051857731
2.562,755.6533210382192
2.572,757.6726251883773
2.582,764.3928070482988
2.592,773.0810777269193
2.602,773.063183955902
2.612,770.0660418556081
2.622,779.6248801204672
2.632,778.1064310449964
2.642,777.4167186334882
2.652,791.5525828978895
2.662,784.766874960621
2.672,792.9531547828633
2.682,794.9143363863002
2.692,788.012303238652
2.702,802.0260875796155
2.712,804.0080743865587
2.722,798.1111865104947
2.732,798.6056037405486
2.742,816.5472143984148
2.752,809.2159283278477
2.762,816.304332241699
2.772,822.5813615510176
2.782,823.3751061616784
2.792,819.9026422908313
2.802,819.00365539093
2.812,827.730097445414
2.822,830.5352200230279
2.832,825.5324882667319
2.842,838.8932461847955
2.852,831.8296007150324
2.862,846.6376112178816
2.872,845.4099754460456
2.882,851.0052736237435
2.892,840.7952611551615
2.902,854.5278003261463
2.912,856.4438383215655
2.922,860.2091417581912
2.932,848.0166052136192
2.942,851.1565537701557
2.952,854.5676454458481
2.962,859.1765408587517
2.972,868.806945692649
2.982,859.9305280491799
2.992,873.7547935831694
3.002,877.1848343357146
3.012,866.4747996464097
3.022,873.2672791386567
3.032,880.8704477639097
3.042,878.3838992091701
3.052,878.0057457196992
3.062,887.3573246863192
3.072,892.297756104826
3.082,893.6852746681236
3.092,888.4899244232124
3.102,891.3942567220435
3.112,902.9709997161021
3.122,894.5466745170337
3.132,895.1436178593897
3.142,904.2452125171335
3.152,901.3320443992806
3.162,913.571986812958
3.172,911.877958470799
3.182,908.7218723940193
3.192,908.4506847561738
3.202,925.1603914624179
3.212,920.1479714104643
3.222,923.9106548810138
3.232,920.919362680593
3.242,926.1436409622497
3.252,928.1903946353217
3.262,931.2667864819397
3.272,928.6990002611392
3.282,939.6598669520235
3.292,942.7442001778967
3.302,938.4446615576275
3.312,945.7279630783657
3.322,944.1936347878755
3.332,949.0746816133448
3.342,955.3663063485329
3.352,958.4071240547198
3.362,948.6491297257647
3.372,960.934377224485
3.382,953.8659440864363
3.392,957.9108693094747
3.402,965.3675291748654
3.412,959.5152629388091
3.422,960.0309371533702
3.432,967.3309978759839
3.442,971.3575223340504
3.452,972.6301492129636
3.462,966.7924707045815
3.472,978.1754776291513
3.482,985.5349749190696
3.492,978.1723421633451
3.502,984.1464322045744
3.512,982.5632984757025
3.522,985.4056450425004
3.532,995.3417826588243
3.542,989.8812904464974
3.552,1002.619409089196
3.562,999.3764596582072
3.572,1002.3523078584378
3.582,994.6227646402956
3.592,1013.3540895636394
3.602,1004.5793381040646
3.612,1003.4495694208331
3.622,1004.1201103304808
3.632,1006.8065394634039
3.642,1015.272531375072
3.652,1007.345136083313
3.662,1012.016700825519
3.672,1015.1098254915056
3.682,1018.3085341630093
3.692,1027.677736024821
3.702,1021.4618653284949
3.712,1021.7217850118695
3.722,1022.4903128675887
3.732,1030.998552066551
3.742,1032.9540179180615
3.752,1029.4818095345959
3.762,1030.0902461451078
3.772,1031.6954443196935
3.782,1040.2290199315692
3.792,1048.8029117354063
3.802,1038.574152517707
3.812,1042.7849580986915
3.822,1043.9343656472586
3.832,1054.4662384779751
3.842,1063.5377364146275
3.852,1052.8219539120014
3.862,1066.8031340134785
3.872,1062.6634748354295
3.882,1069.4606931210367
3.892,1071.1662782210162
3.902,1063.3297043109524
3.912,1057.712937483209
3.922,1076.696173922481
3.932,1065.6393609718064
3.942,1064.4723558197238
3.952,1067.0849612307459
3.962,1069.222572847555
3.972,1082.1706298906126
3.982,1078.5217047895117
3.992,1074.3457618473526
4.002,1085.4344624463952
4.012,1087.3322223235962
4.022,1081.0344878495005
4.032,1091.5429205834268
4.042,1094.126078138383
4.052,1100.9204678435985
4.062,1097.1338875109404
4.072,1101.2516611340932
4.082,1104.3957525578062
4.092,1110.3491209908248
4.102,1111.0635588402542
4.112,1104.1401735078903
4.122,1118.3451254615748
4.132,1115.2381490475202
4.142,1109.3036953809903
4.152,1120.7369209501155
4.162,1125.9247743073722
4.172,1126.3383477188304
4.182,1125.2775556404913
4.192,1115.7227142895406
4.202,1123.8957918138685
4.212,1120.246850734117
4.222,1120.4110771988626
4.232,1117.8367118503513
4.242,1132.2984488652783
4.252,1131.3838489506522
4.262,1123.3043585544146
4.272,1139.0759622915693
4.282,1128.4399402437925
4.292,1138.4946316771727
4.302,1143.4896746811905
4.312,1140.3700422622012
4.322,1136.2494871881986
4.332,1151.1795346311094
4.342,1158.3668541897966
4.352,1160.5227481285851
4.362,1159.0827287083587
4.372,1160.5810390931567
4.382,1153.8994028577665
4.392,1167.5893544352664
4.402,1149.2742670175157
4.412,1169.4834782588819
4.422,1164.3195476521375
4.432,1156.8829222051938
4.442,1156.8376154873029
4.452,1156.648061596394
4.462,1161.2414010990608
4.472,1170.7209531894825
4.482,1173.472112666222
4.492,1182.811797922666
4.502,1167.8094823962547
4.512,1179.6564389112866
4.522,1190.7021245664555
4.532,1189.8580397429525
4.542,1192.8428139867679
4.552,1191.236182689421
4.562,1181.1590050236744
4.572,1186.9124144875677
4.582,1186.6923256130385
4.592,1197.5430049260306
4.602,1203.9836158887324
4.612,1185.395277159843
4.622,1188.2648261344975
4.632,1201.377577104156
4.642,1193.2085164478922
4.652,1198.3467850907068
4.662,1206.9335361301378
4.672,1205.6279732566188
4.682,1198.388849327418
4.692,1212.024455064919
4.702,1207.3470777737007
4.712,1206.0110063307814
4.722,1205.3398078064438
4.732,1202.7567010292069
4.742,1226.0386924078712
4.752,1215.6127568082034
4.762,1226.0714317142065
4.772,1223.9967804047958
4.782,1224.6188425599737
4.792,1225.3211890840955
4.802,1218.9006935612167
4.812,1220.0233699030725
4.822,1240.7879275542068
4.832,1222.626539489415
4.842,1224.619207878332
4.852,1239.2039069419795
4.862,1244.6655127218542
4.872,1247.4771969663682
4.882,1243.7381338879732
4.892,1235.0034031311297
4.902,1246.5905591764547
4.912,1250.8771790821077
4.922,1238.2577222635412
4.932,1257.0226043628745
4.942,1253.2687159498182
4.952,1260.5808508818864
4.962,1263.270863694856
4.972,1262.9252753604706
4.982,1261.2972969667126
4.992,1266.0761495408997
5.002,1259.9343047991067
5.012,1252.193723735472
5.022,1248.8545677347136
5.032,1254.3613586724011
5.042,1275.6307345967057
5.052,1275.2137849167486
5.062,1264.2318834930152
5.072,1274.2709052033279
5.082,1267.072707281751
5.092,1278.2901547702377
5.102,1267.1556109249645
5.112,1285.2730411900263
5.122,1284.984804569739
5.132,1279.3340268086558
5.142,1289.6386968824067
5.152,1272.6008706278276
5.162,1276.967011979041
5.172,1276.3112785463431
5.182,1295.363734750851
5.192,1274.6770822888839
5.202,1280.3068747359196
5.212,1279.0395182760346
5.222,1300.2409026971868
5.232,1298.9964425478042
5.242,1297.3613406814393
5.252,1293.6781478687237
5.262,1304.7308576570233
5.272,1297.8306375629365
5.282,1298.0205089543783
5.292,1314.6693283568684
5.302,1295.0149579648012
5.312,1313.626306069037
5.322,1314.105133566619
5.332,1310.0646232016186
5.342,1308.2660651423278
5.352,1300.4980559504643
5.362,1319.6815774748932
5.372,1314.1738308022434
5.382,1301.9001248649897
5.392,1310.4300737363255
5.402,1327.9494863542184
5.412,1313.8258224969306
5.422,1326.7514513726899
5.432,1316.9227325130996
5.442,1328.2151316892393
5.452,1331.5596045683094
5.462,1322.616878065092
5.472,1330.7843693759826
5.482,1330.0046562590046
5.492,1326.4472683701106
5.502,1344.886291494667
5.512,1326.2891419158611
5.522,1340.38064953219
5.532,1348.944818534866
5.542,1329.6128936075283
5.552,1339.477718544553
5.562,1337.5344188097758
5.572,1353.2942523820393
5.582,1333.8570559349866
5.592,1339.1249486616496
5.602,1350.0725098827638
5.612,1342.1225116753687
5.622,1352.0418503598012
5.632,1344.7465886747339
5.642,1362.9139384277871
5.652,1346.065009397279
5.662,1367.0459904372476
5.672,1343.0843910829612
5.682,1351.2516529642755
5.692,1370.8839575606225
5.702,1371.4553151385928
5.712,1361.6016957434367
5.722,1373.8842378546253
5.732,1358.9595658546693
5.742,1356.0850118710455
5.752,1367.800506889654
5.762,1371.0177379437703
5.772,1367.5275340252817
5.782,1382.2506335327087
5.792,1385.8556268669352
5.802,1370.5042227031809
5.812,1375.7962871170325
5.822,1370.7907279069213
5.832,1381.578830358117
5.842,1386.9903107199575
5.852,1373.784564977994
5.862,1371.4229900367031
5.872,1390.8606809068697
5.882,1391.4603530933407
5.892,1375.64764586537
5.902,1381.5368139449167
5.912,1384.6518647119206
5.922,1398.6832872402038
5.932,1399.3926423812961
5.942,1393.990041827187
5.952,1385.0344223946752
5.962,1396.2013622352954
5.972,1408.8089589117387
5.982,1403.1864500349275
5.992,1392.7160656582712
6.002,1398.9842875374936
6.012,1393.850628442435
6.022,1392.1236356937202
6.032,1411.2272094295574
6.042,1419.1347982970026
6.052,1414.821664893499
6.062,1414.9921678562362
6.072,1399.7116387960173
6.082,1399.527871274163
6.092,1410.6214556780405
6.102,1402.5498080254547
6.112,1427.5868879951379
6.122,1404.6927301347607
6.132,1417.4672313139629
6.142,1409.2484449214235
6.152,1433.7698381990624
6.162,1433.9684963857649
6.172,1424.3532217639379
6.182,1431.174339147056
6.192,1421.738488895769
6.202,1420.8912055711298
6.212,1427.8968179461588
6.222,1434.7125813350583
6.232,1420.9739130915575
6.242,1429.286748095013
6.252,1432.226883878535
6.262,1434.182665397113
6.272,1422.5321750457279
6.282,1427.0591979013593
6.292,1439.1046936015398
6.302,1434.3569161774044
6.312,1429.5558528701174
6.322,1430.8585742976343
6.332,1451.6234688027105
6.342,1432.8972942124678
6.352,1433.7166984117239
6.362,1459.7853846929345
6.372,1457.2279373629465
6.382,1435.5065963778688
6.392,1436.3662082407477
6.402,1460.9570901076324
6.412,1449.111850417164
6.422,1454.2430256265243
6.432,1453.2225776887406
6.442,1441.854095357552
6.452,1465.4782547496122
6.462,1471.7568834586998
6.472,1453.087902551426
6.482,1465.4990893151503
6.492,1471.5716908785291
6.502,1455.332120522281
6.512,1460.54800957355
6.522,1468.1805046063027
6.532,1465.8650269294787
6.542,1455.7648843733602
6.552,1482.6717668386264
6.562,1483.046906937162
6.572,1465.5558693436462
6.582,1464.825683965226
6.592,1480.2443300896996
6.602,1474.3926327453426
6.612,1482.9892756203767
6.622,1467.5866495185765
6.632,1465.3073077083018
6.642,1470.316027352326
6.652,1476.1118214811465
6.662,1487.0219952148789
6.672,1496.3498974734487
6.682,1488.0057822795745
6.692,1474.9690280962216
6.702,1499.7453254561901
6.712,1501.9733711026001
6.722,1477.7402807769822
6.732,1489.4551442939767
6.742,1488.4130370626763
6.752,1505.3367560811937
6.762,1486.8216650304294
6.772,1506.983106848275
6.782,1488.9152791103136
6.792,1504.859068199124
6.802,1486.3673824434268
6.812,1501.6627021047323
6.822,1511.033184440323
6.832,1492.9259993837463
6.842,1499.5332385820586
6.852,1496.6257958759227
6.862,1514.1062140511165
6.872,1512.4614254198511
6.882,1494.70849384949
6.892,1505.2465526270864
6.902,1499.2778948279567
6.912,1498.9617383571456
6.922,1526.4041621605325
6.932,1517.1273205284565
6.942,1527.985148481398
6.952,1524.459979710447
6.962,1503.7064471184303
6.972,1527.0316281894227
6.982,1508.51211314674
6.992,1511.702229814776
7.002,1509.8214241849553
7.012,1514.6790888573028
7.022,1511.038729241308
7.032,1529.9444815691206
7.042,1526.398946254923
7.052,1531.5093617840084
7.062,1516.7223064484526
7.072,1523.4182716593534
7.082,1525.9833531693491
7.092,1517.6300021359018
7.102,1519.472049024231
7.112,1528.9415794428976
7.122,1539.061581966717
7.132,1529.3224177752345
7.142,1526.1601867736829
7.152,1548.5858585577166
7.162,1550.7031576713605
7.172,1532.8008906215832
7.182,1541.597570854125
7.192,1545.965158844686
7.202,1546.411221315158
7.212,1548.6935825494793
7.222,1536.2325522189187
7.232,1557.431325453978
7.242,1534.256631416423
7.252,1542.866227918101
7.262,1536.332204762404
7.272,1553.5163283414654
7.282,1543.0220593306115
7.292,1547.8560431414435
7.302,1548.2782887532394
7.312,1543.6574987877857
7.322,1554.6460936241263
7.332,1565.9619800073633
7.342,1555.2279196047523
7.352,1561.2090247680756
7.362,1572.2532642530991
7.372,1562.2178542809445
7.382,1556.6739426722968
7.392,1567.4878422949134
7.402,1577.8492950779207
7.412,1566.289924873238
7.422,1559.663086801459
7.432,1559.3215894011757
7.442,1567.3993171573509
7.452,1576.3891567973785
7.462,1572.7406604680816
7.472,1561.6114225043884
7.482,1563.4215767135024
7.492,1577.4012102292315
7.502,1569.5597609877648
7.512,1568.8818369578978
7.522,1590.9703754848945
7.532,1581.7843969972162
7.542,1588.1443948094682
7.552,1570.0352210549136
7.562,1579.9702371851954
7.572,1596.5938397521927
7.582,1591.3005143383964
7.592,1593.002385871543
7.602,1589.284339399924
7.612,1587.4030154187217
7.622,1582.6955716623163
7.632,1587.4131869174034
7.642,1600.7103646303324
7.652,1602.6393954116131
7.662,1604.3980083294878
7.672,1583.2013624042465
7.682,1586.0674770816388
7.692,1603.7900043456527
7.702,1589.0443809901446
7.712,1603.3814091007364
7.722,1599.0576544400728
7.732,1612.3391474329303
7.742,1584.0367581643739
7.752,1589.3022168548712
7.762,1601.0043523917172
7.772,1605.3773065343867
7.782,1604.1432190349517
7.792,1596.638223356714
7.802,1600.1242054890326
7.812,1608.4308242972872
7.822,1610.7611905468934
7.832,1613.672795361656
7.842,1619.0665559708998
7.852,1606.8404046062735
7.862,1612.5407143445377
7.872,1600.2789722415075
7.882,1604.849696284074
7.892,1605.0794402603797
7.902,1619.2939713026049
7.912,1629.023598343403
7.922,1611.5606324063374
7.932,1609.8860995289317
7.942,1606.0756702543893
7.952,1606.7643399534484
7.962,1615.0104994228914
7.972,1627.704090056758
7.982,1606.2760929321546
7.992,1632.6288053427793
8.002,1629.4099981292832
8.012,1638.8636656681088
8.022,1631.1635325388143
8.032,1611.7647076387736
8.042,1610.4089579909896
8.052,1612.4567629529777
8.062,1620.39545475807
8.072,1632.3493444650219
8.082,1626.9706007823224
8.092,1627.8337171612168
8.102,1633.947490440904
8.112,1644.0853977248544
8.122,1641.9926594340648
8.132,1643.0964349119904
8.142,1647.326755291855
8.152,1633.2393582978104
8.162,1643.1919704550482
8.172,1653.049152393446
8.182,1649.8688900225375
8.192,1635.3074618386838
8.202,1651.8849196344888
8.212,1633.0294394072878
8.222,1643.5097274861805
8.232,1646.1088225434112
8.242,1647.854781197269
8.252,1634.5039549947971
8.262,1654.948631504901
8.272,1655.147219258824
8.282,1657.5381906388589
8.292,1635.8809463935665
8.302,1636.3055206214322
8.312,1662.3290519194188
8.322,1637.9782592063461
8.332,1664.7629336475889
8.342,1654.7034107171207
8.352,1665.0382173861838
8.362,1650.3409887343932
8.372,1655.7303652623386
8.382,1652.1055113126006
8.392,1650.4430098592554
8.402,1642.8217060688069
8.412,1656.3972764567627
8.422,1649.071687285437
8.432,1661.3809957546248
8.442,1656.9384981695412
8.452,1674.1310295701783
8.462,1650.123095335871
8.472,1672.4447643838212
8.482,1656.0144082458958
8.492,1649.8799563592258
8.502,1674.6476535259787
8.512,1662.6462235970953
8.522,1656.3424103284551
8.532,1655.270595718441
8.542,1659.7795050096781
8.552,1669.0636209868876
8.562,1675.8047266313404
8.572,1683.396661197576
8.582,1687.19919850336
8.592,1690.0028073012234
8.602,1683.6989297611963
8.612,1689.1088085667923
8.622,1667.8605746623678
8.632,1680.719099276693
8.642,1680.7562077108971
8.652,1672.4646465337569
8.662,1671.4485675252736
8.672,1680.867065984269
8.682,1676.2386066297481
8.692,1691.3857627679276
8.702,1688.5467071891956
8.712,1700.4936311673714
8.722,1701.8239873800046
8.732,1686.035960648724
8.742,1702.5120969858729
8.752,1679.068262750929
8.762,1676.2650508579502
8.772,1699.7970219122926
8.782,1677.2497758415357
8.792,1697.740808854738
8.802,1694.7048050796832
8.812,1680.2874911452618
8.822,1710.1592935898607
8.832,1704.7733866966582
8.842,1693.4662871342123
8.852,1703.7163473700818
8.862,1698.3325969574378
8.872,1693.4197522249167
8.882,1686.0946686209654
8.892,1699.0495639014368
8.902,1699.6784025093339
8.912,1702.134685619722
8.922,1704.4081457648228
8.932,1710.901542035183
8.942,1698.7569762544388
8.952,1699.7177749179225
8.962,1708.4860941353209
8.972,1713.9463339628353
8.982,1709.7002693740412
8.992,1694.3507745487411
9.002,1717.229422741567
9.012,1725.633444896343
9.022,1697.48086588491
9.032,1708.8570366865888
9.042,1704.0496047573758
9.052,1713.8827910569717
9.062,1701.9381279913407
9.072,1725.971326917283
9.082,1716.6413873652243
9.092,1713.5911636073088
9.102,1713.7551212081564
9.112,1732.086126090374
9.122,1724.2537953411047
9.132,1718.260045855372
9.142,1733.7501340163124
9.152,1709.5549979484424
9.162,1708.2271062114585
9.172,1713.7017805226208
9.182,1738.298086253048
9.192,1729.242234523697
9.202,1735.575018218285
9.212,1738.8434626798266
9.222,1731.961544182391
9.232,1723.248652264689
9.242,1737.0527479896718
9.252,1734.8789700597727
9.262,1744.6052510511088
9.272,1739.2704155479823
9.282,1741.0147166698587
9.292,1731.930036065949
9.302,1739.7869474523013
9.312,1742.9979883571168
9.322,1727.697424436816
9.332,1730.7802809445834
9.342,1719.9818460042343
9.352,1736.2808433201267
9.362,1746.716176442066
9.372,1726.5131860743172
9.382,1729.42712544898
9.392,1732.2711120043164
9.402,1747.6658911971206
9.412,1743.2654085840188
9.422,1746.6159661561016
9.432,1734.6031291384509
9.442,1753.5140651812417
9.452,1724.6390995187385
9.462,1757.8390157472695
9.472,1739.4668992384643
9.482,1758.129907788558
9.492,1749.6171634316584
9.502,1757.4369381231704
9.512,1763.1888406902515
9.522,1749.844670648202
9.532,1740.1210720860324
9.542,1763.4498876982873
9.552,1745.4752204735544
9.562,1761.8106149672747
9.572,1767.0298633725363
9.582,1761.7867044800578
9.592,1753.6678238825505
9.602,1750.4002194462298
9.612,1736.4804708620336
9.622,1748.9439660757196
9.632,1763.0134942492168
9.642,1740.0618220530669
9.652,1771.8966109499386
9.662,1762.1208173338835
9.672,1746.6141685348525
9.682,1745.926860747972
9.692,1769.4839527029071
9.702,1750.9114117641643
9.712,1770.0588196833646
9.722,1761.4727183798948
9.732,1779.0367878908469
9.742,1775.6818951697705
9.752,1752.4612914226984
9.762,1766.5699816150882
9.772,1779.1555364863539
9.782,1779.554024441934
9.792,1748.9722768377387
9.802,1764.7785030992893
9.812,1757.7114430964361
9.822,1760.6723596609093
9.832,1759.2550211457026
9.842,1770.2389251528596
9.852,1775.4257359749522
9.862,1756.8019108123317
9.872,1779.3943016139747
9.882,1788.6842546575808
9.892,1757.397752059805
9.902,1777.3205127054878
9.912,1755.9593450129762
9.922,1782.2341103732492
9.932,1781.8791932011502
9.942,1780.3066478767441
9.952,1762.4608873310947
9.962,1770.9415111023245
9.972,1762.6898926723472
9.982,1766.2841839382206
9.992,1769.6523440463857
10.002,1796.8810107750498
10.012,1763.552010632081
10.022,1775.456181579856
10.032,1782.6898280358314
10.042,1778.0847028652706
10.052,1800.009343758211
10.062,1770.2527384415432
10.072,1799.7429500363198
10.082,1797.475389354031
10.092,1786.588180605034
10.102,1773.4278058430086
10.112,1788.6295607257694
10.122,1789.395948063411
10.132,1790.3798692880016
10.142,1780.6894266551235
10.152,1784.3982199308552
10.162,1796.3238894162341
10.172,1808.194948674318
10.182,1780.1511706035046
10.192,1800.8948342308815
10.202,1793.023362605909
10.212,1792.2476964209607
10.222,1794.9710603811543
10.232,1776.1580136558596
10.242,1785.7044831542796
10.252,1781.8100964436092
10.262,1801.5117316378407
10.272,1793.4061480496039
10.282,1809.2792999645676
10.292,1793.4284748482457
10.302,1805.998410107513
10.312,1805.4471453416957
10.322,1795.9672853878676
10.332,1789.263370857686
10.342,1786.8116230210667
10.352,1792.4797464145095
10.362,1791.5734808130346
10.372,1792.1140239952367
10.382,1794.9298367779031
10.392,1807.6962374302343
10.402,1798.4162146695646
10.412,1811.4035308572998
10.422,1789.223600466162
10.432,1803.460033361973
10.442,1789.748542618458
10.452,1799.8671517463142
10.462,1817.9203836383047
10.472,1817.8202734463384
10.482,1795.861008105369
10.492,1813.3349760932424
10.502,1800.2138474076564
10.512,1825.1653756017242
10.522,1801.8031781178183
10.532,1797.1876190707926
10.542,1824.6933374900505
10.552,1805.9567022494878
10.562,1830.311652478983
10.572,1815.3509095847971
10.582,1831.967619531405
10.592,1804.289889031236
10.602,1819.639669143638
10.612,1803.4819301160485
10.622,1827.8372298766305
10.632,1802.0989144700632
10.642,1807.9018329058758
10.652,1834.9793270525868
10.662,1831.8665111481557
10.672,1813.5288004660777
10.682,1827.993274885443
10.692,1811.7606871747143
10.702,1810.3545840649
10.712,1815.6477725209097
10.722,1827.7322622237496
10.732,1821.053861623294
10.742,1822.9896223976468
10.752,1833.9227101958013
10.762,1837.5992085432613
10.772,1813.8258774546855
10.782,1812.7181673505734
10.792,1813.3506520966564
10.802,1830.4681140770554
10.812,1842.9607933089653
10.822,1844.8118208857431
10.832,1834.6607383797884
10.842,1820.8361887621986
10.852,1834.8883720370513
10.862,1842.932183972727
10.872,1842.370007825048
10.882,1827.2344451316899
10.892,1825.8181097918598
10.902,1826.632564558955
10.912,1833.7516495985005
10.922,1836.6702999212353
10.932,1824.7011406042006
10.942,1826.6935620214856
10.952,1828.8399556217994
10.962,1848.2374197667352
10.972,1854.086759324174
10.982,1844.3198947942913
10.992,1853.56260993701
11.002,1834.704373459565
11.012,1836.2353186184391
11.022,1841.242599683157
11.032,1847.4683836650743
11.042,1854.6804334824515
11.052,1845.5802988410496
11.062,1853.2795142774967
11.072,1829.6978577189398
11.082,1859.0290795285941
11.092,1829.1422133722724
11.102,1855.3492801984573
11.112,1847.7700488686012
11.122,1848.412125703346
11.132,1855.5726079450628
11.142,1860.4448434512096
11.152,1860.9786804157948
11.162,1839.409479274308
11.172,1861.1369458565068
11.182,1854.477946165739
11.192,1858.1021587129537
11.202,1843.2652016908753
11.212,1843.2016290032416
11.222,1832.8227860298748
11.232,1840.1330676459945
11.242,1863.229184814307
11.252,1868.3390418584283
11.262,1853.9872576822586
11.272,1860.4575620951982
11.282,1848.5446351932037
11.292,1852.8876890149706
11.302,1861.876110522471
11.312,1869.259911294764
11.322,1871.0235545350768
11.332,1866.1067579711832
11.342,1839.9128427135495
11.352,1868.3515264015737
11.362,1856.6192334333543
11.372,1867.0711259934887
11.382,1874.936647073336
11.392,1847.2879655838365
11.402,1861.1282167419688
11.412,1842.224676423206
11.422,1871.0072047505585
11.432,1877.5650599549838
11.442,1841.4831410593658
11.452,1878.1077878622527
11.462,1876.1585207152195
11.472,1864.4844849372485
11.482,1877.7668985871194
11.492,1856.8035884187468
11.502,1874.4804535727542
11.512,1853.1106099609485
11.522,1862.4939772450796
11.532,1855.633767758465
11.542,1871.078107932706
11.552,1863.3951137877636
11.562,1856.8679404864477
11.572,1882.8297804421525
11.582,1877.4364191466868
11.592,1866.4567178752595
11.602,1866.3107173907765
11.612,1871.9219521477846
11.622,1881.986432225494
11.632,1873.3672798452503
11.642,1865.4864962828249
11.652,1877.9678280108453
11.662,1887.443782391205
11.672,1886.7765816749063
11.682,1888.1167086758753
11.692,1881.4323815387527
11.702,1864.8608275692563
11.712,1866.2973488271061
11.722,1854.3806523239512
11.732,1859.0352309646423
11.742,1879.1899052496747
11.752,1868.006695592186
11.762,1890.2397655466343
11.772,1874.1022500419733
11.782,1864.507881490279
11.792,1887.8613001052681
11.802,1886.4365153895405
11.812,1872.4575913949534
11.822,1883.0742886952721
11.832,1866.9074557769466
11.842,1866.1866623412266
11.852,1895.7920291235587
11.862,1861.567031545708
11.872,1879.4085599514046
11.882,1894.740078759268
11.892,1878.1736039831083
11.902,1882.9515452816997
11.912,1868.8527625557435
11.922,1863.2324607861078
11.932,1889.118611663824
11.942,1897.298033361766
11.952,1878.499348930554
11.962,1897.5261376250266
11.972,1893.3623325752574
11.982,1881.2014578112303
11.992,1868.608384033271
12.002,1887.519644073275
12.012,1885.5645869560278
12.022,1894.6504516995428
12.032,1876.4175328184476
12.042,1889.647637437585
12.052,1888.8535361396293
12.062,1876.71639305806
12.072,1884.9813145238224
12.082,1879.7653877015116
12.092,1899.5518796592817
12.102,1897.861420585343
12.112,1893.2515643427278
12.122,1876.6306636196337
12.132,1881.2141334017917
12.142,1907.9099398864735
12.152,1896.744636217094
12.162,1881.2672547282323
12.172,1876.03640763742
12.182,1888.881741804514
12.192,1898.3499745756835
12.202,1890.5443284838918
12.212,1910.6768020947338
12.222,1884.0639412033631
12.232,1884.974667007447
12.242,1889.6704414970898
12.252,1886.7791141218192
12.262,1889.003982247591
12.272,1902.487041712511
12.282,1896.0037947895491
12.292,1879.2649227872078
12.302,1910.0134845581404
12.312,1885.1776976583187
12.322,1903.3237774563818
12.332,1887.0672369288363
12.342,1881.04564035917
12.352,1885.525314782892
12.362,1881.5539354193515
12.372,1882.6212695985687
12.382,1916.717642470052
12.392,1903.154833814104
12.402,1894.7746499138216
12.412,1911.8177475223501
12.422,1908.5561549097388
12.432,1898.1480187159718
12.442,1910.6226394699534
12.452,1920.6432664714446
12.462,1896.5039377772487
12.472,1915.3099803520686
12.482,1884.6982536693674
12.492,1899.507663957319
12.502,1887.6074000214678
12.512,1923.39129140051
12.522,1888.635805818208
12.532,1891.9030948934962
12.542,1910.5436938923633
12.552,1910.7136693117172
12.562,1923.4606762779836
12.572,1920.594485489268
12.582,1922.7663963252264
12.592,1912.8875774496735
12.602,1916.123158114852
12.612,1910.927470784527
12.622,1920.2804985188711
12.632,1895.8776790296952
12.642,1925.3855687043751
12.652,1917.717118471746
12.662,1901.2265448585779
12.672,1917.2696192098015
12.682,1904.7708412139555
12.692,1916.867881790928
12.702,1909.3205249409948
12.712,1893.1960707945932
12.722,1906.0488160096413
12.732,1899.191467551646
12.742,1898.2782062003773
12.752,1909.1526793406106
12.762,1903.6489853318785
12.772,1921.054255661382
12.782,1919.9574972613086
12.792,1906.055575681545
12.802,1916.7662541546138
12.812,1904.521427694317
12.822,1904.5114910096731
12.832,1897.6661864624552
12.842,1896.95471754248
12.852,1909.8880787177254
12.862,1925.138120960375
12.872,1898.6536871293854
12.882,1928.712355358676
12.892,1922.1396223281486
12.902,1919.688154543637
12.912,1913.6582844697468
12.922,1923.7489557640938
12.932,1930.0181617675878
12.942,1899.7178857752806
12.952,1923.1778783112165
12.962,1919.829056897374
12.972,1916.463954570544
12.982,1933.0352009661258
12.992,1908.7091563425315
13.002,1904.7576616759036
13.012,1926.271221968438
13.022,1911.9208568337735
13.032,1934.042102552077
13.042,1904.7459196682921
13.052,1924.49860866024
13.062,1928.676583947993
13.072,1922.2102240701995
13.082,1909.1214785535617
13.092,1905.997222597753
13.102,1942.6632031193374
13.112,1918.5065855342862
13.122,1916.3519185666637
13.132,1918.7873990826158
13.142,1909.796757337206
13.152,1940.9110509587986
13.162,1940.2448825118017
13.172,1921.7965138705774
13.182,1909.2396235555811
13.192,1930.8882131410364
13.202,1924.1616155023032
13.212,1927.7541848340982
13.222,1930.2004833776268
13.232,1931.2181586274598
13.242,1922.5476008661929
13.252,1939.3331948436753
13.262,1930.859086277337
13.272,1926.0015195540177
13.282,1910.5671288274011
13.292,1917.3707505704972
13.302,1913.8865513092364
13.312,1948.128124895652
13.322,1931.3951033542671
13.332,1927.1469570743543
13.342,1927.9098426205874
13.352,1935.8443282819032
13.362,1927.9914117352137
13.372,1940.2735224996036
13.382,1939.2757252130716
13.392,1930.4633266805347
13.402,1944.2315923401395
13.412,1948.2501602340644
13.422,1915.9681953944275
13.432,1921.741675329501
13.442,1936.6389984577888
13.452,1946.855476211637
13.462,1931.838343704972
13.472,1940.2166754362636
13.482,1919.1759730386973
13.492,1937.7049087652529
13.502,1949.6351084392581
13.512,1924.1720026376786
13.522,1925.3638637671972
13.532,1950.8015516778155
13.542,1942.3850541657353
13.552,1954.809342193497
13.562,1951.6487723688167
13.572,1941.3735179884918
13.582,1948.067703912275
13.592,1931.7840285934835
13.602,1937.6508845544113
13.612,1920.1250916861654
13.622,1921.298905162423
13.632,1925.8588459470686
13.642,1942.7521736927915
13.652,1945.8958533065127
13.662,1929.9594210267987
13.672,1928.700385454815
13.682,1946.8619912467411
13.692,1946.991517998186
13.702,1933.7613940048452
13.712,1926.5657030190957
13.722,1951.5094407413744
13.732,1952.058407516445
13.742,1956.6319309203575
13.752,1947.531044860924
13.762,1932.5240402721106
13.772,1951.6193438764747
13.782,1942.098429969769
13.792,1923.5939904703644
13.802,1957.2342769613447
13.812,1930.2516002123753
13.822,1941.7805838117913
13.832,1947.381357337048
13.842,1954.867735149672
13.852,1931.9689947632885
13.862,1953.8753111434307
13.872,1929.4348169833777
13.882,1959.417627588273
13.892,1946.8032550736507
13.902,1937.69795816422
13.912,1953.3986746498194
13.922,1951.0386362784275
13.932,1939.3828886487915
13.942,1956.571463815999
13.952,1936.8548935858396
13.962,1939.1614812699943
13.972,1955.085619281946
13.982,1962.4206125753703
13.992,1940.862193575221
14.002,1937.207868876443
14.012,1933.40362254762
14.022,1933.8926419995596
14.032,1933.2340110165069
14.042,1940.5950905988398
14.052,1966.270104159622
14.062,1929.4948927828798
14.072,1929.52256232474
14.082,1933.8156674598897
14.092,1940.4860612390796
14.102,1950.9689668659125
14.112,1966.404569776619
14.122,1933.0757737488668
14.132,1947.5321214260134
14.142,1962.8507584561526
14.152,1956.2010783058076
14.162,1954.2832610597595
14.172,1957.245452501104
14.182,1934.4520699146265
14.192,1952.3225810588021
14.202,1965.3525328535493
14.212,1957.2284367143125
14.222,1954.115881704229
14.232,1953.9125344226177
14.242,1957.0877465506746
14.252,1933.759382273606
14.262,1968.9042442459765
14.272,1957.5161258380401
14.282,1938.1474977487067
14.292,1959.1587445923553
14.302,1969.4190393449317
14.312,1946.1632280187982
14.322,1964.65445837119
14.332,1932.8707726711802
14.342,1951.9945443133172
14.352,1964.6925575001492
14.362,1937.6604825133015
14.372,1954.6770791978515
14.382,1966.4475356123821
14.392,1946.1872076477534
14.402,1956.1172288651846
14.412,1954.2735099793297
14.422,1942.9319019285942
14.432,1956.1789504026742
14.442,1951.4385748790814
14.452,1970.7764347501884
14.462,1940.987909099997
14.472,1965.982671889686
14.482,1970.615819048033
14.492,1965.694684450092
14.502,1936.2837648050152
14.512,1963.9961900811704
14.522,1955.7302874458487
14.532,1936.7506210494073
14.542,1948.8744728274492
14.552,1967.2827345159865
14.562,1936.5133528933193
14.572,1959.2366297508986
14.582,1950.1596494782668
14.592,1941.0095064581712
14.602,1943.7513294413495
14.612,1971.4339825441434
14.622,1975.4152332893707
14.632,1964.4155545191156
14.642,1968.4655130493188
14.652,1963.6194698002482
14.662,1947.7963938845826
14.672,1963.1278860873174
14.682,1954.804333503086
14.692,1974.8942002929818
14.702,1975.3372364788913
14.712,1967.1640330078726
14.722,1944.7296040096799
14.732,1963.2745717245396
14.742,1961.53420275566
14.752,1954.4182794439073
14.762,1966.1367838793253
14.772,1965.6014592364756
14.782,1973.5216598612467
14.792,1958.369407262556
14.802,1942.9377013618862
14.812,1955.2030837734965
14.822,1956.580348986261
14.832,1963.6701710424975
14.842,1967.9985946965892
14.852,1957.0744788014802
14.862,1973.3595047610058
14.872,1954.688979275735
14.882,1940.6430120234363
14.892,1957.4450159266728
14.902,1950.3863518219064
14.912,1957.72129975779
14.922,1962.940569068369
14.932,1941.6249660553065
14.942,1950.8522775620236
14.952,1952.884289362307
14.962,1950.7134478450448
14.972,1956.1992237311185
14.982,1977.201325095832
14.992,1947.51605042616
15.002,1974.7202740942246
15.012,1980.4356880294815
15.022,1946.0370214288664
15.032,1973.0480853325114
15.042,1958.0462182138242
15.052,1968.6623870094033
15.062,1974.7139286196418
15.072,1961.0607335460427
15.082,1973.1084974364528
15.092,1965.1840323109125
15.102,1943.0584714124523
15.112,1980.9061497396683
15.122,1976.0198420580618
15.132,1960.5493868415947
15.142,1962.4160717429716
15.152,1955.9556264396613
15.162,1971.2078629855134
15.172,1952.524684208347
15.182,1960.2121461303054
15.192,1952.3107800633045
15.202,1946.4063520579969
15.212,1978.1489472496
15.222,1947.6204603865435
15.232,1959.960452448013
15.242,1961.4281082184764
15.252,1949.645629264174
15.262,1981.0446252937868
15.272,1963.7674954073423
15.282,1981.340204638065
15.292,1978.6142801862522
15.302,1981.5800950851637
15.312,1961.9033203647894
15.322,1950.0088448246881
15.332,1967.9874667166362
15.342,1979.3229889670076
15.352,1971.8248278014435
15.362,1969.2464202218105
15.372,1983.2589834347855
15.382,1955.5441309703028
15.392,1976.5071955329652
15.402,1950.3705567704876
15.412,1945.370207099313
15.422,1961.8970547145043
15.432,1979.1958925735005
15.442,1959.287450714213
15.452,1958.9123545174748
15.462,1971.5705382338233
15.472,1947.3385038406348
15.482,1984.2751236371528
15.492,1962.5850930307038
15.502,1976.7865536743395
15.512,1974.7165222005074
15.522,1972.4671310525173
15.532,1982.8434577684557
15.542,1980.3231782525943
15.552,1969.6794928353115
15.562,1968.2978868919035
15.572,1977.8122235944622
15.582,1958.3295078728104
15.592,1956.2454988912323
15.602,1949.1379257705626
15.612,1954.2539972355764
15.622,1977.7520964147939
15.632,1973.8197517744177
15.642,1962.2186234434525
15.652,1971.0506886109258
15.662,1965.88196255704
15.672,1983.7096377682024
15.682,1979.769689399924
15.692,1978.7752222472175
15.702,1972.1444660248803
15.712,1958.0461036653094
15.722,1962.4189731645529
15.732,1969.2753993187762
15.742,1981.5418411330609
15.752,1951.756781698627
15.762,1950.877288382096
15.772,1961.6508082284909
15.782,1959.4333140469826
15.792,1953.4605055515124
15.802,1952.7365843776688
15.812,1972.0560692262163
15.822,1959.2597760886986
15.832,1960.266343813616
15.842,1958.015098283506
15.852,1973.4429897329221
15.862,1982.2375636547397
15.872,1959.9810090814772
15.882,1985.5893825840826
15.892,1972.1126859292788
15.902,1950.2746552407777
15.912,1960.0523427308117
15.922,1983.96609820818
15.932,1971.5196757613999
15.942,1964.9617280732327
15.952,1974.4759478375152
15.962,1950.212991554605
15.972,1979.5706884352285
15.982,1974.107910634135
15.992,1974.7241876030077
16.002,1964.94455432506
16.012,1965.995305534382
16.022,1949.8570744332944
16.032,1953.7084520002857
16.042,1952.3507053453634
16.052,1948.4814131629148
16.062,1952.8365084523628
16.072,1985.1610497212962
16.082,1969.1263366192486
16.092,1954.675554479915
16.102,1980.371752239379
16.112,1979.9814489081912
16.113,1985.326529287947
16.186,1979.9105699335887
16.262,1972.6974680071035
16.331,1948.489868759762
16.412,1954.875145802609
16.492,1973.3037324294744
16.572,1965.1304072260843
16.655,1951.8351303706318
16.744,1962.9404978132254
16.848,1948.984207428176
16.949,1976.1585517245915
17.118,1945.9488680364545
17.398,1960.6312911153757
17.785,1970.873664300766
18.285,1950.8322512996626
18.785,1944.3219192775414
19.285,1949.9174022310883
19.785,1934.1084112281694
20.285,1933.0985136670427
20.735,1944.0233436574442
21.235,1944.9598435577655
21.735,1946.9805516645376
22.235,1920.2605427257433
22.735,1928.034137132879
23.235,1929.0921911539247
23.735,1925.3212535741116
24.235,1923.9278717937361
24.735,1911.2584627541978
25.235,1906.223777077144
25.735,1905.1447234701275
26.235,1915.4372202438901
26.735,1913.1277165596687
27.235,1916.3722266228199
27.735,1925.8306739660625
28.235,1916.3748547271798
28.735,1900.357031392712
29.235,1909.3132339768965
29.675,1903.0239741715316
30.061,1912.686089657744
30.561,1909.3953209862293
31.061,1902.0992995246897
31.561,1880.4319544491407
32.061,1885.3096314348302
32.561,1897.819952869053
33.016,1901.3859789563408
33.516,1882.0769854161726
33.843,1866.615047327345
34.343,1882.5357805893264
34.784,1867.6761716483873
35.284,1881.7663522263856
35.784,1875.4043392970202
36.284,1882.0532672539275
36.784,1854.8509866801207
37.284,1870.1382046994927
37.784,1880.7455201958069
38.284,1877.469357060099
38.763,1868.1782773591574
39.07,1852.855769478315
39.405,1846.795392263227
39.905,1867.7948414697012
40.405,1855.193024520282
40.905,1830.3472031114638
41.405,1862.457522217851
41.905,1838.9708049160756
42.405,1826.7762972348212
42.905,1830.5226473784921
43.405,1853.4851436444965
43.905,1820.4942390114725
44.405,1813.153924236465
44.905,1830.4932276886525
45.405,1809.5878377025006
45.905,1830.803729985413
46.405,1823.0101942596045
46.905,1813.385818812176
47.405,1808.7587078491879
47.905,1812.836396100257
48.405,1801.0078475361174
48.905,1824.7451200743599
49.405,1793.4902300938174
49.905,1814.3239796016235
50.405,1785.887562635562
50.905,1785.0439705326955
51.405,1785.472021137733
51.905,1799.0634727897907
52.306,1789.0045339949045
52.707,1783.4920441398506
53.207,1792.88632488685
53.707,1770.2530741785454
54.207,1790.5266487548765
54.707,1776.811958744214
55.207,1768.457610059235
55.604,1791.7009437090433
55.872,1762.5759711166404
56.372,1773.9078614890664
56.872,1760.6959587113502
57.224,1775.2958714688873
57.724,1752.594367624707
58.224,1780.0084257695873
58.724,1776.8526937526008
59.18,1758.0694052892452
59.68,1750.5241546322216
60.18,1771.3637917328983
60.68,1743.053063828225
61.18,1744.5294665446545
61.642,1750.636845331666
62.142,1741.4036353854458
62.642,1737.4537840947207
63.142,1729.3371037075544
63.642,1742.9488958315135
64.142,1719.9552353833215
64.642,1742.1924069112426
65.142,1733.8654583064806
65.63,1727.8689733655053
66.13,1726.2236715689055
66.63,1719.0706551530018
67.13,1732.3084039158625
67.63,1719.4948829802613
68.13,1722.3339873388054
68.63,1730.7685647311598
69.13,1711.9284403364309
69.63,1699.8718698439202
70.13,1706.0895234969662
70.63,1695.9561015214092
71.13,1708.9663732041372
71.63,1699.1392865269233
72.13,1690.0919154733908
72.63,1708.9707627524124
73.13,1680.1599648594472
73.63,1704.2833744815396
74.074,1703.7932108547402
74.323,1702.33521142148
74.823,1679.821868173512
75.254,1691.3284452330292
75.624,1690.3171078904334
76.124,1683.121787917531
76.624,1680.035506747895
76.984,1661.6620978079459
77.372,1678.0542028173202
77.872,1683.8605990006129
78.372,1664.9858380881076
78.872,1680.6022098965166
79.372,1666.2491512970175
79.872,1661.6905177197086
80.372,1672.0835338621098
80.872,1653.4990802156233
81.372,1639.1723276885791
81.872,1666.4875272962497
82.372,1649.165797269332
82.872,1641.880407345031
83.372,1634.8052830014785
83.872,1643.9263638534037
84.372,1645.104365005469
84.872,1637.0923983271894
85.372,1640.4989867238007
85.872,1618.1602686915044
86.372,1631.863596797022
86.872,1612.6854490747048
87.372,1635.5292028353315
87.872,1633.3870436414409
88.372,1615.3358240802543
88.872,1630.1320974101934
89.372,1600.7971972488995
89.872,1606.500592806576
90.22,1612.9892742131606
90.409,1619.128159946418
90.909,1606.6156927300053
91.409,1611.4094734315947
91.909,1594.373001178444
92.409,1604.7395156092016
92.909,1612.9034780982943
93.409,1579.8607951722424
93.909,1593.1320909176509
94.409,1585.296708495395
94.909,1600.0021103624451
95.409,1599.3263314295345
95.836,1598.3497353377347
96.336,1566.9868594988657
96.836,1590.6390781095774
97.336,1586.6203771123544
97.836,1584.2074919613906
98.247,1585.8772509410965
98.747,1573.5032126792298
99.247,1583.2839065622063
99.632,1571.1218090593295
100.132,1578.6575278424027
100.632,1561.1256713056089
101.132,1550.9427140331313
101.618,1563.9636964270956
101.943,1551.4959330163322
102.443,1549.1213648086039
102.943,1561.035000159961
103.443,1538.7990759873626
103.943,1540.9319493319626
104.443,1544.4238867971496
104.943,1549.0684429083421
105.443,1546.6057822312266
105.943,1524.2319494102887
106.443,1529.9179081965158
106.943,1533.8257795165323
107.383,1521.4386322206356
107.883,1519.5193245397556
108.383,1512.7141999616917
108.883,1536.1607781598157
109.383,1509.9760233201882
109.724,1517.7680934167083
110.059,1513.8726943673016
110.559,1517.4746271748327
111.059,1510.525073870801
111.559,1522.5158462838356
112.059,1492.5964597035363
112.559,1505.765030941132
113.059,1496.5392092075735
113.559,1503.6874745417665
113.963,1497.8245233785792
114.331,1490.9637634605715
114.831,1494.3796893036758
115.331,1497.335894633654
115.831,1486.1931456614925
116.331,1496.6695310870232
116.831,1490.2970482869969
117.331,1478.9428228943498
117.831,1492.2705161618726
118.331,1464.3265229584497
118.831,1474.3458856159218
119.331,1474.7447789792689
119.831,1468.7395102382272
120.331,1464.9380216484417
120.831,1472.6677908208685
121.331,1449.7131010792164
121.831,1451.1717587031683
122.331,1463.9745932227306
122.831,1467.1586091689226
123.331,1442.1762352159692
123.831,1448.8768144859323
124.331,1435.4584975337086
124.831,1448.3893398794846
125.276,1437.5027664028878
125.58,1441.7237207846017
125.971,1442.4429803674054
126.471,1424.3536060094987
126.898,1443.0218665359853
127.398,1436.5051154483506
127.838,1434.5497867612687
128.338,1416.2370930703903
128.838,1413.3595590751352
129.338,1428.1091734471238
129.715,1433.455672960547
130.035,1418.8552339263622
130.535,1407.0710264283637
131.035,1422.9481533976332
131.535,1407.8530896629404
132.035,1418.991582216844
132.535,1418.8589790083138
133.035,1413.5194318309068
133.535,1407.6671422214897
134.035,1397.558380552436
134.535,1396.0409374861288
135.035,1409.7385482306063
135.535,1398.136279338185
136.035,1405.317245546319
136.535,1377.2330713684898
137.0,1385.7024904081004
137.5,1399.1157610194841
138.0,1376.8101629568778
138.5,1388.779075097387
139.0,1376.762994610747
139.5,1379.2489318175838
140.0,1367.9200767767338
140.5,1373.4293077237737
141.0,1369.376704493938
141.5,1353.5239554672214
142.0,1377.8496685881105
142.5,1372.2498092464712
143.0,1355.293832191421
143.5,1360.5479780522885
144.0,1352.785643265186
144.5,1363.2833419068854
145.0,1362.1798941050235
145.5,1350.7053927767442
145.976,1339.8579740699208
146.462,1336.768096748552
146.961,1350.5064983790426
147.286,1336.853274122641
147.786,1339.21750380223
148.231,1343.670516850452
148.731,1326.4345027602633
149.231,1318.4093830543559
149.731,1315.167700701578
150.231,1323.5312724349749
150.731,1312.4033205554997
151.226,1328.8253238775299
151.726,1316.401935519213
152.226,1314.7870305109805
152.726,1317.291550309988
153.226,1317.1246338522665
153.658,1319.923851827817
153.932,1310.9987722902545
154.432,1311.2666080504214
154.79,1298.7419349680572
155.29,1303.7070810201167
155.79,1299.0169062135847
156.29,1308.5789339735766
156.79,1305.8799668786303
157.218,1294.8801510034211
157.544,1296.5045597582175
158.044,1286.102848353373
158.544,1282.5191369461259
159.044,1281.323334283619
159.544,1277.0049570910437
160.044,1270.6177632471029
160.544,1289.1415257771907
161.044,1283.24003227548
161.387,1284.046456021803
161.887,1272.0582922963106
162.387,1278.437940279123
162.862,1274.8444429593071
163.362,1275.568290960054
163.862,1251.0913131484533
164.362,1257.1764712825575
164.862,1267.0677038884228
165.362,1257.1390822593373
165.862,1254.4592985821514
166.361,1240.1674400058785
166.861,1239.6474236671354
167.361,1250.4578331269036
167.861,1244.7785676787726
168.361,1244.577122465662
168.861,1243.1612893038869
169.361,1238.2481002858929
169.861,1224.5543894951136
170.361,1237.1721530602301
170.861,1223.677306769917
171.361,1235.1456542118024
171.861,1231.4158140892696
172.361,1229.993694000748
172.861,1226.8322953283248
173.349,1224.6321771326045
173.849,1221.4030522502749
174.349,1224.1825035481681
174.849,1209.9491631180515
175.349,1209.643269368283
175.849,1214.5789082904018
176.349,1202.5204565494187
176.849,1194.210791385607
177.349,1208.3244592556782
177.849,1184.5698362889689
178.349,1187.1154692637306
178.849,1183.3698332225583
179.349,1197.117026213742
179.849,1183.078532652591
180.284,1177.1312504426542
180.642,1173.309538016356
181.142,1177.1231600812682
181.642,1184.543546001601
182.142,1168.6984610853365
182.642,1173.3953081078498
183.142,1165.0407547697941
183.642,1178.2307760670417
184.007,1173.3915758126855
184.507,1153.8188596203925
185.007,1160.5500312771621
185.507,1170.5676626567572
186.007,1168.3160888880927
186.506,1165.7687166602625
187.006,1157.6809128390805
187.506,1142.5655180914268
188.006,1155.9791441965594
188.506,1137.8240166886862
189.006,1133.70779017645
189.506,1152.8971381833132
190.006,1128.496547367617
190.506,1142.2677509748348
191.006,1139.7014774323202
191.506,1131.886692023815
191.848,1137.7601791984775
192.157,1139.0652018751925
192.534,1120.6028961869656
193.034,1113.783853428192
193.395,1130.4252188055125
193.895,1124.4333433755107
194.395,1110.6699770913483
194.895,1111.376968605176
195.355,1113.5087913986206
195.747,1104.8499983688582
196.247,1116.3272110406742
196.747,1098.300703412057
197.247,1100.2422682196727
197.747,1094.2290795469269
198.247,1099.167135729939
198.695,1092.0394362079455
199.195,1098.2061092518234
199.695,1103.002302845341
199.995,1100.0438545884206
200.455,1087.9755604918876
200.955,1082.0036807857994
201.455,1085.2467258521247
201.955,1080.1557845171506
202.455,1080.4179405382088
202.955,1070.2583961343998
203.455,1074.3404267131216
203.955,1081.7831592753182
204.455,1069.3485128262787
204.955,1063.8849638046574
205.455,1072.4501402865528
205.824,1057.1889926338667
206.201,1054.8653566088374
206.701,1054.9722918829295
207.201,1057.548341686695
207.701,1058.3819787410216
208.201,1059.0040811646556
208.701,1051.1929638976164
209.201,1057.3789359413563
209.701,1055.9780158354233
210.201,1045.464775206865
210.701,1050.370101556499
211.201,1039.8390961789516
211.48,1032.4070702016595
211.871,1027.1529561342597
212.371,1035.4926091347324
212.871,1031.8168597469062
213.371,1029.9844637267815
213.777,1034.6424440831129
214.277,1028.689980914572
214.777,1029.7528821156652
215.277,1028.3878826551759
215.777,1024.1527666599832
216.255,1016.9760019386853
216.755,1015.5734675284687
217.255,1016.945795308233
217.755,1013.3032040811474
218.065,999.5345035429408
218.565,1004.6061361848192
218.957,999.9376251096977
219.457,1005.4244004380942
219.957,1002.1160979789638
220.457,1004.0748832117342
220.957,988.5431023319917
221.457,986.4428897606264
221.957,985.1957978553367
222.457,988.4311500875699
222.957,987.1075061322322
223.333,985.3037527649282
223.833,982.4825038638196
224.333,972.136409853866
224.833,986.1166911966302
225.333,981.8165329400247
225.833,970.9945040360204
226.333,974.0371226283983
226.833,960.1995027722388
227.333,956.7512537765356
227.748,969.1160994234987
228.248,969.6874151350116
228.748,954.0222179130581
229.248,954.2438221775203
229.701,949.6314317870138
230.201,958.3905376782578
230.544,945.7142181885102
231.044,951.1032867426521
231.544,940.1234080049919
232.044,945.1949070637
232.544,949.058464357427
233.044,948.2587742724022
233.302,930.2026295560539
233.565,938.1857165818914
234.065,934.0616746153275
234.565,936.3615179403208
235.065,925.0028588614416
235.565,918.7147557445675
236.065,918.7181946301109
236.565,916.7197008523319
237.065,927.7781708688968
237.433,911.430438126139
237.898,916.766011982144
238.398,923.1133122341996
238.898,912.2197858475066
239.398,915.6664876336506
239.898,909.3471171794995
240.398,913.8753807478907
240.898,909.7137287937176
241.226,899.660762837453
241.726,900.5796025691337
242.226,897.0017851512611
242.726,897.7597841426226
243.226,889.8039637400555
243.726,889.3889713429758
244.226,887.1324679264322
244.726,879.8174083776138
245.226,874.4044937783596
245.726,884.5009940152431
246.226,883.1129802589164
246.623,884.8989555095309
246.971,873.9711259734872
247.471,867.3981175356947
247.882,869.7167005399294
248.382,875.517750179997
248.698,864.2473798997723
249.094,859.904680216968
249.496,865.1769194791059
249.837,868.1122093433004
250.337,854.2997829161635
250.837,848.6337389664826
251.337,848.0544429347643
251.837,847.3352881853011
252.337,847.1834982628335
252.837,852.8913977523498
253.337,842.909296085898
253.837,834.8870567802211
254.337,844.5541046244788
254.837,832.0881117056678
255.231,830.5879229314477
255.577,841.8465220381569
256.077,838.6022174600575
256.451,823.3683446125495
256.765,834.9564105728997
257.265,833.1460620353599
257.727,822.331096090091
258.012,818.5358419076539
258.336,819.5839518347585
258.836,816.1311106919236
259.336,820.0762744637498
259.626,811.5365863295209
259.944,811.6746818693339
260.444,816.0153223333167
260.944,815.1200723397837
261.444,813.9638363579718
261.944,803.9093268363621
262.444,802.439639648683
262.774,800.1860083865653
263.168,794.4070344772814
263.668,797.1357850031847
264.168,797.3871840650146
264.668,792.5100545422357
265.168,786.9183467985381
265.668,786.2597555930855
266.168,781.0711586440816
266.668,787.4153341091527
267.168,779.5319077048944
267.668,779.485792244044
268.168,773.2928464610161
268.668,775.5895166171226
269.168,779.1074752772355
269.668,770.0346102154192
270.168,764.7731020402347
270.668,770.2430750780904
270.972,766.9720903135967
271.472,762.2248387883144
271.972,757.3716637596975
272.448,757.55611487004
272.948,751.9952217421732
273.448,753.5227721218614
273.948,752.237260748868
274.448,743.5111408270046
274.915,745.9028813770517
275.415,744.9838496945987
275.915,739.979454639982
276.415,735.4051190039578
276.915,731.7597183491525
277.415,732.0291920148059
277.915,735.2802132186099
278.415,724.9633314256718
278.915,726.3231932972253
279.415,725.5154310078844
279.832,723.9312035837157
280.2,717.3843725837701
280.7,718.2797095485967
281.2,712.39521410444
281.7,718.9392155881887
282.2,715.3738822582407
282.7,715.4004877816177
283.069,704.2919778957927
283.388,712.6552373447638
283.888,705.4730214777207
284.388,702.1182834508339
284.888,694.5310718616445
285.388,704.2610685756295
285.888,692.2666370192118
286.388,694.6647993867758
286.888,685.6846098353233
287.388,684.222523045961
287.888,686.9633402801046
288.388,682.2098676788538
288.888,685.056941928153
289.388,674.052198889661
289.867,679.6005454368088
290.274,675.34099736813
290.614,670.4302440415358
291.034,674.5334758666729
291.534,668.156513880215
292.034,664.2606809372317
292.534,662.8053494579489
293.034,663.0375456787317
293.534,656.9086768056077
294.034,656.179396682677
294.488,662.3292238780522
294.988,656.1260866096017
295.488,647.3852260158656
295.988,652.9581129497676
296.456,642.6562147805154
296.956,645.8816948488815
297.399,645.8137236285996
297.899,643.0895445751185
298.343,641.6768847849054
298.733,640.9911745141424
299.078,630.1436542331251
299.508,635.1663299167868
300.008,635.2342281038773
300.508,631.8549101097756
301.008,632.1234387392532
301.508,627.3343128442131
301.819,628.5223948531943
302.088,625.2936953068528
302.588,618.3963554841944
303.088,613.0370192942158
303.46,616.7392317360193
303.791,614.7168351118461
304.291,608.4225918026222
304.791,605.1263852271416
305.151,605.6778977160302
305.436,610.1572462766627
305.835,607.5124699662066
306.144,599.8609406989182
306.644,599.5631518818574
307.144,599.8292935676837
307.546,599.1353525124849
308.046,594.0958440899924
308.546,590.6060005817537
309.04,584.938552977116
309.54,591.3123355942025
310.04,586.4009741477482
310.54,578.5883763725043
310.895,584.7560536717874
311.395,578.7473289832799
311.895,574.9066079778216
312.211,572.9189929540095
312.711,568.4463966111153
313.211,567.7123526510127
313.711,567.9306742445359
314.211,572.615974994711
314.711,565.5585984271767
315.211,557.6665951159422
315.711,555.7433979533566
316.105,560.7187264585286
316.442,558.0500286088834
316.942,557.7558312490455
317.442,554.9651093478424
317.942,553.0609870960332
318.442,549.4676455667346
318.942,546.6632761268539
319.442,541.845966231045
319.942,537.8810303544709
320.442,534.2109579054303
320.942,536.9805667940286
321.442,537.4149285933238
321.882,532.7803448834908
322.126,535.273209795826
322.626,526.2194512405789
322.913,529.1393679857491
323.317,527.5056461508494
323.817,527.3666924656283
324.317,518.8433507228227
324.817,515.0088656198512
325.317,517.3697117760912
325.817,512.1661651366849
326.317,508.35585007630715
326.817,514.99512134844
327.317,510.1056832071933
327.817,501.87310462826645
328.251,508.25938549685094
328.647,498.6873911947244
329.147,498.92466310035223
329.647,493.90176990746414
330.147,497.0569323779736
330.647,487.67715341357894
331.147,488.48355955501654
331.647,485.7445195773574
332.147,483.5023659481942
332.647,480.4594544427931
333.147,479.42207796268286
333.647,483.0674341200491
333.99,478.5093353694021
334.347,480.53393700887875
334.847,473.72097518964125
335.347,474.15675241801995
335.847,472.0855013894063
336.347,469.8353043997669
336.695,465.457475631857
337.195,464.1664395699837
337.695,462.4656929563849
338.195,459.0013186763453
338.632,453.6111022870427
338.876,459.1059723213
339.152,451.6081181621378
339.652,448.87015560945116
340.152,451.5369506813962
340.652,443.7506219594757
341.152,442.976708700931
341.567,442.70614403792297
341.901,440.6075096844949
342.168,439.93145762546806
342.668,439.1525571979203
343.168,440.0804477241971
343.668,437.26562212758324
344.168,433.468999994177
344.668,429.04881360417716
345.168,423.25847634980187
345.668,426.3630406161968
346.168,422.46992728406457
346.668,422.1015287237537
347.168,415.0858936183398
347.591,414.6500128774973
348.091,413.51399662938593
348.591,411.57920269138003
349.091,406.7622181316812
349.591,406.9986818606855
350.091,401.3374018050639
350.551,399.3292506669703
350.912,401.1037400698508
351.293,402.294415435254
351.793,400.5793179293283
352.293,394.51656473930797
352.793,396.17615652828874
353.293,387.9845600144188
353.789,389.5570044791209
354.15,386.4042017172416
354.65,386.13317507646354
355.15,378.84586011863155
355.65,383.03603008923903
356.15,379.7490147456832
356.588,375.42845105694107
356.888,372.42968117337637
357.318,369.17669300681786
357.818,367.8248228690952
358.039,369.88802977493265
358.277,369.21855095799214
358.603,369.47187143986537
359.103,362.4490777338792
359.603,362.10755567265517
360.103,358.82782370812646
360.603,354.5212138291318
361.103,351.7238059615432
361.376,357.12150805436977
361.533,351.1558278435368
361.817,351.7444911463309
362.317,351.1145141592161
362.817,344.10820650297586
363.317,343.6163807711532
363.817,346.1859833762834
364.317,341.3383271571894
364.817,338.59732569921135
365.317,334.74594920430906
365.817,333.0446632267148
366.312,329.368005802045
366.812,329.6424147086268
367.312,329.0421190653762
367.812,322.78480768420695
368.312,323.46635173523003
368.812,322.00329295274537
369.121,320.9171377804242
369.559,314.7909952489309
370.059,314.01525587356514
370.443,311.22801001252776
370.943,311.3205270643541
371.443,307.8357989099601
371.943,309.0928298897037
372.443,304.9102618150245
372.943,299.44956435154404
373.443,301.40154694263276
373.943,298.69381535063076
374.443,297.9760273966918
374.943,292.95183945783896
375.443,292.9073288366065
375.943,286.1071526098142
376.443,288.9210409017152
376.943,285.36579386614596
377.403,281.0243549501658
377.903,279.4850729103624
378.403,278.4996263655668
378.786,275.8045165149187
379.286,274.90283894091084
379.653,270.27162510088533
380.153,268.2250675770297
380.653,269.255303752602
381.153,267.44023875723605
381.653,263.4172103466367
382.111,260.73324768152446
382.611,258.22452617885216
382.891,255.01653047597483
383.134,254.68875810427105
383.519,254.8826216657982
384.019,252.01570508584967
384.519,248.14083833532047
385.019,249.94985348389434
385.519,244.86142216672116
386.019,244.75688310445
386.519,242.2960698261103
387.019,239.75763503304069
387.519,234.7432443368453
388.019,233.32069197489616
388.519,231.7522323459401
389.019,229.29564054005587
389.519,228.99746911458845
390.019,227.71580890834497
390.519,224.48726601874762
391.019,220.44215305637985
391.519,216.8784592240025
391.809,218.57407524149357
392.118,214.87337256178816
392.618,215.9185588400414
393.118,212.15594489925428
393.618,210.98906058003
394.118,206.34332521716405
394.618,206.90000449760475
395.118,202.29012176674306
395.618,200.8405846938011
396.068,197.0971495988704
396.568,195.3260638397925
397.068,195.8164604262607
397.553,191.26836460035477
397.859,191.2043892262712
398.359,189.23285769643417
398.859,186.9732710014746
399.33,182.932739803498
399.83,182.88118047452434
400.33,178.51037417551862
400.83,177.52779342826298
401.33,175.8531931595412
401.83,172.98246906847805
402.33,169.20166224342708
402.61,170.53097852097702
403.006,166.39479288779145
403.387,164.85061525101676
403.887,162.7889944086359
404.387,160.40653101288132
404.802,159.23883915271904
405.302,158.9688108099346
405.634,156.44491013976494
406.134,152.99534708402408
406.634,151.79625815864364
407.134,149.65263167559743
407.634,146.80726641101364
408.134,145.4997781613763
408.634,142.76937290910868
409.134,139.1047389214998
409.634,139.17631373506154
410.134,135.22869510393215
410.615,132.9324540039522
410.92,132.35621335827915
411.155,130.45219044532067
411.655,130.50940463651074
412.155,126.25602112896524
412.655,125.06246644330582
413.155,123.2041494502029
413.655,119.26570635352827
414.155,118.75520170842691
414.655,116.55632358683611
414.991,113.88119073063064
415.322,113.67893186087032
415.822,111.30764415593066
416.322,109.57527749428968
416.822,106.28439735873502
417.322,104.53770656568587
417.822,101.2667527132268
418.322,100.1707854747911
418.632,98.41942846931956
418.971,95.86277454238532
419.471,95.14893667784796
419.971,92.64948217977741
420.378,90.4420009368682
420.878,88.48350257189722
421.177,87.35115070769774
421.583,84.53036182561942
421.933,82.94008828594501
422.433,80.623331888418
422.933,79.86820851881058
423.433,76.73304614409518
423.933,74.90560988554031
424.433,72.39459168290753
424.933,69.64737480820729
425.433,68.58452128649036
425.77,66.17915819836163
425.998,65.74409292903641
426.498,63.417850225591856
426.998,61.161068249114805
427.475,58.67792156945077
427.975,56.86888943436217
428.475,54.139614114449856
428.975,52.417608691227784
429.475,49.82802002532623
429.975,47.784717180392505
430.475,45.45826262950389
430.975,43.663007466701046
431.475,41.2535832645677
431.975,39.11200082657122
432.351,37.155715574483736
432.851,35.44256340255642
433.303,33.33837977072981
433.803,30.920494195635708
434.303,28.935432449439755
434.539,27.74013737247909
434.856,26.150040844751587
435.146,24.99325784591884
435.646,23.05236986169549
436.146,20.780265577400456
436.538,19.01499011767818
437.038,16.64719164314164
437.455,14.940993178521136
437.955,12.555929702276662
438.455,10.372964625102615
438.955,8.296048079738496
439.282,6.841809453294108
439.765,4.606005695036725
440.265,2.4582676210596457
440.765,0.23076564465932764
440.817,0.0
